REPORT 90 E-4,,,,,,,,,,
Population Estimates for California State and Counties,,,,,,,,,,
"January 1, 1981 to January 1, 1990",,,,,,,,,,
,,,,,,,,,,
,,,,,,,,,,
COUNTY,1-1-81  ,1-1-82  ,1-1-83  ,1-1-84  ,1-1-85  ,1-1-86  ,1-1-87  ,1-1-88  ,1-1-89  ,1-1-90  
,,,,,,,,,,
Alameda," 1,117,800 "," 1,134,000 "," 1,151,800 "," 1,170,400 "," 1,185,500 "," 1,206,900 "," 1,220,600 "," 1,242,300 "," 1,261,200 "," 1,274,700 "
Alpine," 1,090 "," 1,100 "," 1,120 "," 1,080 "," 1,100 "," 1,140 "," 1,130 "," 1,100 "," 1,090 "," 1,100 "
Amador," 19,800 "," 20,250 "," 20,600 "," 21,050 "," 21,800 "," 22,450 "," 23,300 "," 25,750 "," 27,600 "," 29,600 "
Butte," 146,800 "," 150,700 "," 153,800 "," 156,600 "," 159,700 "," 163,000 "," 166,200 "," 170,800 "," 175,200 "," 180,400 "
Calaveras," 21,350 "," 22,250 "," 23,200 "," 23,850 "," 24,650 "," 25,550 "," 26,800 "," 28,200 "," 29,700 "," 31,550 "
,,,,,,,,,,
Colusa," 13,000 "," 13,500 "," 13,900 "," 14,050 "," 14,300 "," 14,700 "," 14,800 "," 15,100 "," 15,600 "," 16,150 "
Contra Costa," 662,900 "," 672,900 "," 684,300 "," 694,100 "," 704,600 "," 718,500 "," 733,400 "," 750,900 "," 772,900 "," 797,600 "
Del Norte," 18,600 "," 18,800 "," 18,800 "," 18,850 "," 18,950 "," 19,300 "," 19,750 "," 20,450 "," 20,600 "," 21,650 "
El Dorado," 87,900 "," 90,900 "," 92,800 "," 94,200 "," 97,200 "," 100,900 "," 105,200 "," 110,800 "," 116,800 "," 123,900 "
Fresno," 523,200 "," 535,500 "," 548,900 "," 563,700 "," 577,300 "," 588,300 "," 601,300 "," 618,400 "," 638,500 "," 661,400 "
,,,,,,,,,,
Glenn," 21,750 "," 22,100 "," 22,450 "," 22,650 "," 22,750 "," 22,950 "," 23,000 "," 23,250 "," 23,850 "," 24,550 "
Humboldt," 109,700 "," 110,200 "," 109,700 "," 109,900 "," 110,500 "," 111,200 "," 112,200 "," 113,800 "," 115,800 "," 118,400 "
Imperial," 93,400 "," 94,800 "," 96,000 "," 96,700 "," 97,800 "," 99,300 "," 100,600 "," 102,500 "," 104,900 "," 108,300 "
Inyo," 17,900 "," 18,150 "," 18,400 "," 18,300 "," 18,100 "," 17,950 "," 17,750 "," 17,800 "," 17,950 "," 18,200 "
Kern," 412,800 "," 426,300 "," 440,400 "," 453,400 "," 466,500 "," 480,600 "," 492,900 "," 504,200 "," 518,300 "," 537,300 "
,,,,,,,,,,
Kings," 75,100 "," 76,800 "," 79,200 "," 81,000 "," 83,200 "," 84,100 "," 84,500 "," 90,100 "," 95,200 "," 100,800 "
Lake," 37,700 "," 39,250 "," 40,850 "," 42,750 "," 44,700 "," 45,950 "," 46,850 "," 47,800 "," 48,700 "," 50,200 "
Lassen," 22,250 "," 23,050 "," 23,650 "," 23,850 "," 24,100 "," 24,650 "," 25,700 "," 26,450 "," 27,050 "," 27,000 "
Los Angeles," 7,554,900 "," 7,689,900 "," 7,846,900 "," 7,985,000 "," 8,121,000 "," 8,286,100 "," 8,452,200 "," 8,585,300 "," 8,706,200 "," 8,832,500 "
Madera," 65,500 "," 68,000 "," 70,000 "," 71,900 "," 73,800 "," 75,500 "," 77,300 "," 79,900 "," 82,200 "," 86,400 "
,,,,,,,,,,
Marin," 222,900 "," 222,800 "," 222,500 "," 222,400 "," 220,500 "," 220,800 "," 221,700 "," 222,100 "," 224,500 "," 229,900 "
Mariposa," 11,300 "," 11,550 "," 11,750 "," 11,950 "," 12,300 "," 12,550 "," 12,800 "," 13,150 "," 13,450 "," 14,050 "
Mendocino," 67,800 "," 69,200 "," 70,300 "," 71,300 "," 72,700 "," 74,000 "," 75,000 "," 76,200 "," 77,600 "," 79,700 "
Merced," 137,600 "," 141,400 "," 145,400 "," 150,200 "," 154,700 "," 158,300 "," 161,200 "," 165,400 "," 170,000 "," 176,300 "
Modoc," 8,825 "," 9,100 "," 9,325 "," 9,475 "," 9,475 "," 9,325 "," 9,200 "," 9,175 "," 9,325 "," 9,600 "
,,,,,,,,,,
Mono," 8,800 "," 9,100 "," 9,250 "," 9,000 "," 8,800 "," 8,800 "," 8,825 "," 8,975 "," 9,200 "," 9,750 "
Monterey," 296,500 "," 303,000 "," 310,900 "," 318,400 "," 324,000 "," 330,600 "," 335,800 "," 340,600 "," 344,100 "," 353,400 "
Napa," 99,600 "," 100,600 "," 101,400 "," 101,800 "," 102,500 "," 103,600 "," 104,600 "," 105,500 "," 107,100 "," 109,900 "
Nevada," 54,200 "," 57,400 "," 59,600 "," 61,300 "," 63,500 "," 65,900 "," 68,500 "," 71,400 "," 74,100 "," 77,500 "
Orange," 1,974,600 "," 2,024,200 "," 2,065,300 "," 2,103,300 "," 2,143,600 "," 2,193,200 "," 2,243,500 "," 2,292,300 "," 2,344,200 "," 2,398,400 "
,,,,,,,,,,
Placer," 120,700 "," 125,000 "," 128,400 "," 132,000 "," 136,500 "," 141,500 "," 147,400 "," 154,000 "," 161,000 "," 170,100 "
Plumas," 17,600 "," 18,000 "," 18,100 "," 18,100 "," 18,350 "," 18,650 "," 18,800 "," 19,150 "," 19,300 "," 19,600 "
Riverside," 683,600 "," 711,800 "," 740,800 "," 774,500 "," 815,100 "," 862,700 "," 919,600 "," 983,800 "," 1,057,200 "," 1,144,400 "
Sacramento," 797,000 "," 819,600 "," 842,500 "," 861,400 "," 880,600 "," 904,800 "," 934,700 "," 967,000 "," 996,500 "," 1,031,500 "
San Benito," 25,500 "," 26,350 "," 27,150 "," 28,050 "," 29,250 "," 30,700 "," 32,050 "," 33,400 "," 34,950 "," 36,400 "
,,,,,,,,,,
San Bernardino," 917,600 "," 949,700 "," 978,900 "," 1,007,900 "," 1,044,500 "," 1,094,400 "," 1,155,400 "," 1,229,300 "," 1,311,100 "," 1,396,600 "
San Diego," 1,902,700 "," 1,940,500 "," 1,982,000 "," 2,033,600 "," 2,080,300 "," 2,148,900 "," 2,223,600 "," 2,300,800 "," 2,388,700 "," 2,480,100 "
San Francisco," 684,000 "," 691,200 "," 699,800 "," 708,700 "," 720,400 "," 732,900 "," 736,700 "," 733,300 "," 727,500 "," 724,000 "
San Joaquin," 356,200 "," 368,300 "," 380,600 "," 393,300 "," 408,600 "," 425,400 "," 441,600 "," 454,800 "," 466,300 "," 477,700 "
San Luis Obispo," 159,200 "," 164,000 "," 168,300 "," 173,500 "," 179,900 "," 187,800 "," 193,900 "," 198,900 "," 205,800 "," 215,000 "
,,,,,,,,,,
San Mateo," 589,600 "," 592,900 "," 599,600 "," 607,900 "," 614,400 "," 618,600 "," 622,600 "," 629,800 "," 638,300 "," 647,400 "
Santa Barbara," 303,200 "," 309,900 "," 318,000 "," 326,200 "," 333,900 "," 341,900 "," 348,300 "," 353,000 "," 359,800 "," 368,000 "
Santa Clara," 1,311,600 "," 1,332,300 "," 1,355,500 "," 1,379,100 "," 1,400,300 "," 1,415,300 "," 1,427,000 "," 1,445,100 "," 1,471,100 "," 1,493,800 "
Santa Cruz," 191,000 "," 194,600 "," 198,200 "," 201,700 "," 206,000 "," 210,700 "," 215,400 "," 219,200 "," 224,500 "," 228,700 "
Shasta," 118,600 "," 121,100 "," 122,500 "," 124,500 "," 127,500 "," 130,200 "," 132,700 "," 136,200 "," 140,100 "," 145,300 "
,,,,,,,,,,
Sierra," 3,080 "," 3,150 "," 3,250 "," 3,240 "," 3,230 "," 3,210 "," 3,160 "," 3,230 "," 3,230 "," 3,280 "
Siskiyou," 40,350 "," 41,000 "," 41,250 "," 41,150 "," 41,350 "," 41,300 "," 41,200 "," 41,650 "," 42,400 "," 43,300 "
Solano," 241,900 "," 250,700 "," 258,500 "," 263,800 "," 269,400 "," 278,500 "," 291,500 "," 304,500 "," 318,000 "," 335,200 "
Sonoma," 305,100 "," 311,500 "," 317,800 "," 323,100 "," 329,700 "," 338,800 "," 348,500 "," 359,600 "," 371,300 "," 384,700 "
Stanislaus," 271,700 "," 278,400 "," 285,200 "," 291,800 "," 298,400 "," 307,300 "," 318,900 "," 331,700 "," 346,400 "," 365,100 "
,,,,,,,,,,
Sutter," 53,200 "," 54,600 "," 56,100 "," 56,900 "," 57,300 "," 58,200 "," 59,200 "," 60,600 "," 61,800 "," 63,700 "
Tehama," 39,650 "," 40,700 "," 41,700 "," 42,550 "," 43,550 "," 44,350 "," 45,150 "," 46,300 "," 47,450 "," 49,100 "
Trinity," 12,150 "," 12,300 "," 12,350 "," 12,500 "," 12,700 "," 12,750 "," 12,600 "," 12,700 "," 13,000 "," 13,050 "
Tulare," 250,800 "," 257,200 "," 264,000 "," 270,900 "," 277,300 "," 283,700 "," 289,700 "," 296,000 "," 301,700 "," 309,200 "
Tuolumne," 34,800 "," 35,850 "," 37,000 "," 37,800 "," 38,950 "," 41,100 "," 42,400 "," 44,200 "," 46,050 "," 48,000 "
,,,,,,,,,,
Ventura," 538,400 "," 552,200 "," 566,000 "," 578,700 "," 590,700 "," 604,300 "," 618,800 "," 635,900 "," 653,500 "," 666,800 "
Yolo," 114,500 "," 116,300 "," 118,200 "," 119,600 "," 122,200 "," 124,200 "," 126,400 "," 131,500 "," 135,100 "," 140,000 "
Yuba," 49,800 "," 50,700 "," 51,500 "," 52,000 "," 52,700 "," 53,300 "," 54,200 "," 55,300 "," 56,300 "," 57,700 "
,,,,,,,,,,
CALIFORNIA," 24,039,000 "," 24,547,000 "," 25,076,000 "," 25,587,000 "," 26,113,000 "," 26,742,000 "," 27,388,000 "," 28,061,000 "," 28,771,000 "," 29,558,000 "
,,,,,,,,,,
State totals may not equal sum due to independent rounding.,,,,,,,,,,
,,,,,,,,,,
,,,,,,,,,,
REPORT 90 E-4,,,,,,,,,,
Population Estimates for California Cities and Counties,,,,,,,,,,
"January 1, 1981 to January 1, 1990",,,,,,,,,,
,,,,,,,,,,
,,,,,,,,,,
Totals may not equal sum due to independent rounding.,,,,,,,,,,
(1) Unincorporated at this time.,,,,,,,,,,
,,,,,,,,,,
,,,,,,,,,,
COUNTY,,,,,,,,,,
  City,1-1-81  ,1-1-82  ,1-1-83  ,1-1-84  ,1-1-85  ,1-1-86  ,1-1-87  ,1-1-88  ,1-1-89  ,1-1-90  
,,,,,,,,,,
ALAMEDA," 1,117,800 "," 1,134,000 "," 1,151,800 "," 1,170,400 "," 1,185,500 "," 1,206,900 "," 1,220,600 "," 1,242,300 "," 1,261,200 "," 1,274,700 "
  Alameda," 64,200 "," 64,400 "," 66,200 "," 70,100 "," 68,000 "," 71,300 "," 69,400 "," 74,400 "," 75,500 "," 72,500 "
  Albany," 15,100 "," 15,150 "," 15,350 "," 15,400 "," 15,300 "," 15,250 "," 15,250 "," 15,400 "," 16,350 "," 16,350 "
  Berkeley," 103,300 "," 104,700 "," 105,500 "," 104,600 "," 105,500 "," 104,500 "," 104,300 "," 103,700 "," 103,600 "," 103,000 "
  Dublin, (1), (1)," 14,350 "," 14,500 "," 14,150 "," 16,150 "," 19,200 "," 20,050 "," 21,400 "," 23,450 "
  Emeryville," 3,900 "," 3,880 "," 3,890 "," 3,950 "," 4,190 "," 4,650 "," 4,650 "," 4,930 "," 5,075 "," 5,750 "
  Fremont," 135,300 "," 137,900 "," 140,000 "," 143,000 "," 146,600 "," 152,300 "," 157,100 "," 164,000 "," 168,700 "," 172,700 "
  Hayward," 95,400 "," 96,800 "," 99,500 "," 101,100 "," 102,400 "," 104,000 "," 105,600 "," 107,500 "," 109,800 "," 111,300 "
  Livermore," 48,600 "," 49,400 "," 50,200 "," 51,000 "," 52,200 "," 53,200 "," 53,700 "," 54,600 "," 55,100 "," 56,400 "
  Newark," 32,500 "," 32,400 "," 34,200 "," 34,850 "," 35,800 "," 36,150 "," 36,800 "," 37,850 "," 37,750 "," 37,850 "
  Oakland," 343,100 "," 347,400 "," 352,900 "," 357,800 "," 360,900 "," 363,000 "," 366,500 "," 367,700 "," 370,000 "," 372,300 "
  Piedmont," 10,500 "," 10,500 "," 10,600 "," 10,550 "," 10,550 "," 10,550 "," 10,550 "," 10,550 "," 10,600 "," 10,600 "
  Pleasanton," 35,000 "," 35,100 "," 35,600 "," 36,600 "," 38,750 "," 42,300 "," 43,100 "," 44,600 "," 47,900 "," 50,700 "
  San Leandro," 64,800 "," 65,400 "," 65,900 "," 66,500 "," 66,200 "," 66,100 "," 66,800 "," 67,400 "," 68,300 "," 68,300 "
  Union City," 41,000 "," 42,800 "," 44,300 "," 47,050 "," 49,600 "," 51,000 "," 52,100 "," 52,400 "," 52,800 "," 53,700 "
  Incorporated," 992,800 "," 1,005,700 "," 1,038,600 "," 1,057,000 "," 1,070,100 "," 1,090,400 "," 1,105,000 "," 1,125,000 "," 1,142,900 "," 1,154,800 "
  Unincorporated," 125,000 "," 128,200 "," 113,200 "," 113,400 "," 115,400 "," 116,400 "," 115,600 "," 117,300 "," 118,300 "," 119,900 "
,,,,,,,,,,
ALPINE," 1,090 "," 1,110 "," 1,120 "," 1,080 "," 1,100 "," 1,140 "," 1,130 "," 1,100 "," 1,090 "," 1,100 "
  Unincorporated," 1,090 "," 1,110 "," 1,120 "," 1,080 "," 1,100 "," 1,140 "," 1,130 "," 1,100 "," 1,090 "," 1,100 "
,,,,,,,,,,
AMADOR," 19,800 "," 20,250 "," 20,600 "," 21,050 "," 21,800 "," 22,450 "," 23,300 "," 25,750 "," 27,600 "," 29,600 "
  Amador, 140 , 140 , 140 , 140 , 150 , 150 , 160 , 170 , 190 , 200 
  Ione," 2,240 "," 2,270 "," 2,310 "," 2,310 "," 2,530 "," 2,490 "," 2,690 "," 4,400 "," 5,425 "," 6,450 "
  Jackson," 2,280 "," 2,440 "," 2,420 "," 2,530 "," 2,580 "," 2,890 "," 3,060 "," 3,120 "," 3,340 "," 3,510 "
  Plymouth, 700 , 660 , 650 , 640 , 620 , 680 , 710 , 760 , 780 , 810 
  Sutter Creek," 1,690 "," 1,620 "," 1,590 "," 1,570 "," 1,570 "," 1,610 "," 1,710 "," 1,720 "," 1,700 "," 1,740 "
  Incorporated," 7,050 "," 7,125 "," 7,100 "," 7,175 "," 7,450 "," 7,825 "," 8,325 "," 10,150 "," 11,450 "," 12,700 "
  Unincorporated," 12,750 "," 13,100 "," 13,500 "," 13,900 "," 14,350 "," 14,650 "," 15,000 "," 15,600 "," 16,150 "," 16,900 "
,,,,,,,,,,
BUTTE," 146,800 "," 150,700 "," 153,800 "," 156,600 "," 159,700 "," 163,000 "," 166,200 "," 170,800 "," 175,200 "," 180,400 "
  Biggs," 1,390 "," 1,390 "," 1,420 "," 1,440 "," 1,460 "," 1,460 "," 1,470 "," 1,480 "," 1,500 "," 1,540 "
  Chico," 27,750 "," 28,550 "," 28,900 "," 30,050 "," 31,600 "," 33,100 "," 34,500 "," 35,750 "," 37,550 "," 39,750 "
  Gridley," 4,000 "," 4,110 "," 4,160 "," 4,300 "," 4,380 "," 4,340 "," 4,370 "," 4,410 "," 4,430 "," 4,630 "
  Oroville," 9,200 "," 9,550 "," 10,150 "," 10,300 "," 10,500 "," 10,600 "," 10,850 "," 11,300 "," 11,650 "," 11,850 "
  Paradise," 22,550 "," 22,850 "," 23,150 "," 23,300 "," 23,300 "," 23,650 "," 23,850 "," 24,350 "," 24,750 "," 25,150 "
  Incorporated," 64,900 "," 66,500 "," 67,800 "," 69,400 "," 71,200 "," 73,200 "," 75,100 "," 77,300 "," 79,900 "," 82,900 "
  Unincorporated," 81,900 "," 84,300 "," 86,000 "," 87,200 "," 88,400 "," 89,900 "," 91,100 "," 93,500 "," 95,300 "," 97,500 "
,,,,,,,,,,
CALAVERAS," 21,350 "," 22,250 "," 23,200 "," 23,850 "," 24,650 "," 25,550 "," 26,800 "," 28,200 "," 29,700 "," 31,550 "
  Angels Camp," 2,200 "," 2,150 "," 2,140 "," 2,070 "," 2,060 "," 2,060 "," 2,210 "," 2,320 "," 2,320 "," 2,390 "
  Incorporated," 2,200 "," 2,150 "," 2,140 "," 2,070 "," 2,060 "," 2,060 "," 2,210 "," 2,320 "," 2,320 "," 2,390 "
  Unincorporated," 19,150 "," 20,100 "," 21,050 "," 21,750 "," 22,600 "," 23,500 "," 24,600 "," 25,850 "," 27,400 "," 29,150 "
,,,,,,,,,,
COLUSA," 13,000 "," 13,500 "," 13,950 "," 14,050 "," 14,300 "," 14,700 "," 14,800 "," 15,100 "," 15,600 "," 16,150 "
  Colusa," 4,050 "," 4,080 "," 4,140 "," 4,160 "," 4,350 "," 4,490 "," 4,560 "," 4,610 "," 4,770 "," 4,900 "
  Williams," 1,690 "," 1,780 "," 1,840 "," 1,850 "," 1,900 "," 1,980 "," 2,010 "," 2,090 "," 2,210 "," 2,280 "
  Incorporated," 5,750 "," 5,875 "," 5,975 "," 6,025 "," 6,250 "," 6,475 "," 6,550 "," 6,700 "," 6,975 "," 7,175 "
  Unincorporated," 7,275 "," 7,625 "," 7,950 "," 8,025 "," 8,050 "," 8,225 "," 8,250 "," 8,375 "," 8,650 "," 8,975 "
,,,,,,,,,,
CONTRA COSTA," 662,900 "," 672,900 "," 684,300 "," 694,100 "," 704,600 "," 718,500 "," 733,400 "," 750,900 "," 772,900 "," 797,600 "
  Antioch," 43,500 "," 44,300 "," 45,500 "," 46,350 "," 47,050 "," 48,600 "," 51,400 "," 53,700 "," 57,100 "," 61,200 "
  Brentwood," 4,530 "," 4,840 "," 5,175 "," 5,325 "," 5,425 "," 5,650 "," 6,425 "," 6,800 "," 7,250 "," 7,500 "
  Clayton," 4,470 "," 4,440 "," 4,480 "," 4,590 "," 4,780 "," 4,990 "," 5,025 "," 6,950 "," 7,050 "," 7,150 "
  Concord," 103,700 "," 103,400 "," 103,900 "," 105,100 "," 105,400 "," 107,300 "," 108,200 "," 109,000 "," 110,100 "," 111,000 "
  Danville, (1), (1)," 26,900 "," 27,500 "," 27,550 "," 27,750 "," 28,000 "," 28,700 "," 29,750 "," 31,200 "
  El Cerrito," 22,550 "," 22,650 "," 23,000 "," 23,150 "," 23,050 "," 23,150 "," 22,900 "," 22,850 "," 23,100 "," 22,900 "
  Hercules," 6,450 "," 6,475 "," 6,675 "," 7,150 "," 8,500 "," 9,850 "," 11,400 "," 12,300 "," 14,200 "," 16,500 "
  Lafayette," 22,350 "," 22,500 "," 22,550 "," 22,650 "," 22,600 "," 22,650 "," 22,650 "," 22,700 "," 23,000 "," 23,400 "
  Martinez," 23,600 "," 23,900 "," 24,550 "," 25,550 "," 27,550 "," 28,400 "," 29,200 "," 30,300 "," 31,200 "," 31,450 "
  Moraga," 14,950 "," 14,800 "," 14,800 "," 14,700 "," 14,750 "," 15,100 "," 15,300 "," 15,600 "," 15,850 "," 15,950 "
  Orinda, (1), (1), (1), (1), (1)," 16,700 "," 16,500 "," 16,500 "," 16,600 "," 16,650 "
  Pinole," 14,400 "," 14,450 "," 14,500 "," 14,650 "," 14,800 "," 15,150 "," 15,200 "," 15,450 "," 16,000 "," 17,000 "
  Pittsburg," 34,200 "," 36,200 "," 37,350 "," 39,300 "," 39,800 "," 41,300 "," 42,900 "," 44,450 "," 45,300 "," 47,250 "
  Pleasant Hill," 26,500 "," 26,950 "," 26,900 "," 27,100 "," 27,800 "," 28,800 "," 29,550 "," 30,200 "," 31,150 "," 31,550 "
  Richmond," 75,300 "," 76,100 "," 76,800 "," 78,000 "," 78,300 "," 79,700 "," 80,700 "," 82,800 "," 84,300 "," 86,700 "
  San Pablo," 20,450 "," 21,350 "," 21,850 "," 22,450 "," 22,850 "," 23,100 "," 23,550 "," 24,000 "," 24,500 "," 24,700 "
  San Ramon, (1), (1), (1)," 23,150 "," 24,750 "," 25,750 "," 26,900 "," 29,800 "," 33,050 "," 35,000 "
  Walnut Creek," 55,300 "," 55,200 "," 55,900 "," 56,100 "," 56,200 "," 57,400 "," 59,500 "," 59,500 "," 59,600 "," 60,400 "
  Incorporated," 472,300 "," 477,600 "," 510,900 "," 542,700 "," 551,200 "," 581,300 "," 595,300 "," 611,600 "," 629,200 "," 647,500 "
  Unincorporated," 190,600 "," 195,300 "," 173,400 "," 151,400 "," 153,500 "," 137,200 "," 138,100 "," 139,300 "," 143,700 "," 150,100 "
,,,,,,,,,,
DEL NORTE," 18,600 "," 18,800 "," 18,800 "," 18,850 "," 18,950 "," 19,300 "," 19,750 "," 20,450 "," 20,600 "," 21,650 "
  Crescent City," 3,210 "," 3,290 "," 3,440 "," 3,630 "," 3,770 "," 3,920 "," 4,080 "," 4,200 "," 4,180 "," 4,260 "
  Incorporated," 3,210 "," 3,290 "," 3,440 "," 3,630 "," 3,770 "," 3,920 "," 4,080 "," 4,200 "," 4,180 "," 4,260 "
  Unincorporated," 15,400 "," 15,500 "," 15,400 "," 15,200 "," 15,200 "," 15,400 "," 15,700 "," 16,250 "," 16,450 "," 17,400 "
,,,,,,,,,,
EL DORADO," 87,900 "," 90,900 "," 92,800 "," 94,200 "," 97,200 "," 100,900 "," 105,200 "," 110,800 "," 116,800 "," 123,900 "
  Placerville," 6,750 "," 6,875 "," 7,025 "," 7,125 "," 7,100 "," 7,175 "," 7,325 "," 7,825 "," 7,950 "," 8,200 "
  South Lake Tahoe," 20,550 "," 20,400 "," 20,550 "," 20,650 "," 20,550 "," 20,650 "," 21,050 "," 20,900 "," 20,950 "," 21,300 "
  Incorporated," 27,300 "," 27,250 "," 27,600 "," 27,750 "," 27,650 "," 27,800 "," 28,350 "," 28,750 "," 28,900 "," 29,500 "
  Unincorporated," 60,600 "," 63,600 "," 65,200 "," 66,500 "," 69,500 "," 73,100 "," 76,900 "," 82,000 "," 87,900 "," 94,400 "
,,,,,,,,,,
FRESNO," 523,200 "," 535,500 "," 548,900 "," 563,700 "," 577,300 "," 588,300 "," 601,300 "," 618,400 "," 638,500 "," 661,400 "
  Clovis," 34,150 "," 35,450 "," 36,000 "," 37,600 "," 39,700 "," 41,250 "," 43,250 "," 45,300 "," 47,350 "," 49,650 "
  Coalinga," 6,700 "," 6,925 "," 7,125 "," 6,975 "," 7,200 "," 7,300 "," 7,450 "," 7,550 "," 7,900 "," 8,050 "
  Firebaugh," 3,720 "," 3,750 "," 3,970 "," 4,020 "," 3,980 "," 3,920 "," 3,930 "," 3,980 "," 4,060 "," 4,200 "
  Fowler," 2,540 "," 2,610 "," 2,630 "," 2,650 "," 2,850 "," 2,800 "," 2,910 "," 2,910 "," 2,920 "," 3,150 "
  Fresno," 232,200 "," 246,500 "," 258,600 "," 274,300 "," 286,400 "," 297,200 "," 310,200 "," 322,300 "," 335,200 "," 350,700 "
  Huron," 2,830 "," 2,920 "," 3,480 "," 3,730 "," 4,010 "," 4,070 "," 4,130 "," 4,190 "," 4,330 "," 4,600 "
  Kerman," 3,980 "," 4,020 "," 4,060 "," 4,200 "," 4,340 "," 4,510 "," 4,650 "," 4,820 "," 5,225 "," 5,375 "
  Kingsburg," 5,250 "," 5,375 "," 5,625 "," 5,750 "," 5,775 "," 5,775 "," 5,925 "," 6,375 "," 6,775 "," 7,125 "
  Mendota," 5,175 "," 5,550 "," 6,275 "," 6,650 "," 6,700 "," 6,850 "," 6,750 "," 6,750 "," 6,825 "," 6,875 "
  Orange Cove," 4,100 "," 4,340 "," 4,470 "," 4,650 "," 5,050 "," 5,075 "," 5,175 "," 5,200 "," 5,375 "," 5,550 "
  Parlier," 2,860 "," 2,900 "," 5,800 "," 5,850 "," 5,825 "," 5,875 "," 6,600 "," 7,475 "," 7,725 "," 7,900 "
  Reedley," 11,400 "," 11,650 "," 11,850 "," 12,900 "," 13,400 "," 13,600 "," 13,850 "," 14,350 "," 15,150 "," 15,650 "
  Sanger," 13,000 "," 13,250 "," 13,400 "," 13,800 "," 14,050 "," 14,500 "," 15,300 "," 15,650 "," 16,150 "," 16,650 "
  San Joaquin," 2,010 "," 2,040 "," 2,060 "," 2,130 "," 2,140 "," 2,140 "," 2,170 "," 2,190 "," 2,250 "," 2,310 "
  Selma," 11,000 "," 11,500 "," 12,050 "," 12,350 "," 12,800 "," 12,750 "," 13,400 "," 13,900 "," 14,250 "," 14,650 "
  Incorporated," 340,900 "," 358,800 "," 377,400 "," 397,600 "," 414,200 "," 427,700 "," 445,700 "," 463,000 "," 481,500 "," 502,400 "
  Unincorporated," 182,300 "," 176,700 "," 171,500 "," 166,100 "," 163,200 "," 160,600 "," 155,600 "," 155,400 "," 156,900 "," 159,000 "
,,,,,,,,,,
GLENN," 21,750 "," 22,100 "," 22,450 "," 22,650 "," 22,750 "," 22,950 "," 23,000 "," 23,250 "," 23,850 "," 24,550 "
  Orland," 4,130 "," 4,330 "," 4,420 "," 4,540 "," 4,580 "," 4,630 "," 4,670 "," 4,790 "," 4,890 "," 5,050 "
  Willows," 5,000 "," 4,990 "," 5,075 "," 5,225 "," 5,250 "," 5,475 "," 5,500 "," 5,625 "," 5,725 "," 5,900 "
  Incorporated," 9,125 "," 9,325 "," 9,500 "," 9,775 "," 9,825 "," 10,100 "," 10,200 "," 10,400 "," 10,650 "," 10,950 "
  Unincorporated," 12,650 "," 12,800 "," 12,950 "," 12,900 "," 12,900 "," 12,850 "," 12,800 "," 12,850 "," 13,250 "," 13,600 "
,,,,,,,,,,
HUMBOLDT," 109,700 "," 110,200 "," 109,700 "," 109,900 "," 110,500 "," 111,200 "," 112,200 "," 113,800 "," 115,800 "," 118,400 "
  Arcata," 13,600 "," 13,700 "," 13,400 "," 13,650 "," 13,750 "," 13,850 "," 13,950 "," 14,300 "," 14,700 "," 15,100 "
  Blue Lake," 1,210 "," 1,210 "," 1,170 "," 1,190 "," 1,200 "," 1,230 "," 1,230 "," 1,230 "," 1,220 "," 1,240 "
  Eureka," 24,350 "," 24,700 "," 24,700 "," 25,050 "," 25,200 "," 25,350 "," 25,650 "," 26,100 "," 26,650 "," 26,900 "
  Ferndale," 1,380 "," 1,350 "," 1,410 "," 1,400 "," 1,400 "," 1,350 "," 1,340 "," 1,330 "," 1,330 "," 1,330 "
  Fortuna," 7,675 "," 7,825 "," 7,750 "," 7,775 "," 7,850 "," 7,850 "," 8,075 "," 8,275 "," 8,500 "," 8,750 "
  Rio Dell," 2,740 "," 2,750 "," 2,720 "," 2,750 "," 2,740 "," 2,800 "," 2,820 "," 2,900 "," 2,890 "," 3,000 "
  Trinidad, 390 , 400 , 390 , 390 , 390 , 380 , 380 , 380 , 370 , 360 
  Incorporated," 51,400 "," 52,000 "," 51,500 "," 52,200 "," 52,500 "," 52,800 "," 53,400 "," 54,500 "," 55,600 "," 56,700 "
  Unincorporated," 58,400 "," 58,300 "," 58,100 "," 57,700 "," 57,900 "," 58,400 "," 58,700 "," 59,200 "," 60,200 "," 61,700 "
,,,,,,,,,,
IMPERIAL," 93,400 "," 94,800 "," 96,000 "," 96,700 "," 97,800 "," 99,300 "," 100,600 "," 102,500 "," 104,900 "," 108,300 "
  Brawley," 15,200 "," 15,450 "," 16,600 "," 16,750 "," 16,800 "," 17,000 "," 17,400 "," 17,650 "," 18,250 "," 18,800 "
  Calexico," 14,700 "," 15,000 "," 15,350 "," 15,600 "," 15,950 "," 16,700 "," 17,350 "," 17,650 "," 17,900 "," 18,450 "
  Calipatria," 2,630 "," 2,610 "," 2,580 "," 2,540 "," 2,490 "," 2,500 "," 2,440 "," 2,500 "," 2,690 "," 2,700 "
  El Centro," 24,800 "," 25,350 "," 25,950 "," 26,300 "," 26,650 "," 27,050 "," 27,600 "," 28,750 "," 30,150 "," 31,100 "
  Holtville," 4,440 "," 4,440 "," 4,490 "," 4,460 "," 4,470 "," 4,560 "," 4,670 "," 4,710 "," 4,760 "," 4,760 "
  Imperial," 3,450 "," 3,430 "," 3,440 "," 3,400 "," 3,450 "," 3,470 "," 3,570 "," 3,660 "," 3,960 "," 4,040 "
  Westmorland," 1,550 "," 1,480 "," 1,490 "," 1,470 "," 1,480 "," 1,380 "," 1,320 "," 1,300 "," 1,310 "," 1,280 "
  Incorporated," 66,700 "," 67,800 "," 69,800 "," 70,500 "," 71,300 "," 72,700 "," 74,300 "," 76,200 "," 79,000 "," 81,100 "
  Unincorporated," 26,600 "," 27,050 "," 26,150 "," 26,200 "," 26,550 "," 26,700 "," 26,200 "," 26,350 "," 25,900 "," 27,200 "
,,,,,,,,,,
INYO," 17,900 "," 18,150 "," 18,400 "," 18,300 "," 18,100 "," 17,950 "," 17,750 "," 17,800 "," 17,950 "," 18,200 "
  Bishop," 3,350 "," 3,300 "," 3,420 "," 3,360 "," 3,280 "," 3,340 "," 3,360 "," 3,430 "," 3,440 "," 3,450 "
  Incorporated," 3,350 "," 3,300 "," 3,420 "," 3,360 "," 3,280 "," 3,340 "," 3,360 "," 3,430 "," 3,440 "," 3,450 "
  Unincorporated," 14,550 "," 14,850 "," 15,000 "," 14,900 "," 14,850 "," 14,600 "," 14,400 "," 14,350 "," 14,500 "," 14,750 "
,,,,,,,,,,
KERN," 412,800 "," 426,300 "," 440,400 "," 453,400 "," 466,500 "," 480,600 "," 492,900 "," 504,200 "," 518,300 "," 537,300 "
  Arvin," 7,150 "," 7,225 "," 7,375 "," 7,575 "," 8,000 "," 8,300 "," 8,550 "," 8,750 "," 8,950 "," 9,150 "
  Bakersfield," 109,100 "," 114,200 "," 119,100 "," 131,600 "," 140,200 "," 150,100 "," 157,200 "," 160,700 "," 165,400 "," 172,400 "
  California City," 2,770 "," 2,790 "," 2,870 "," 2,930 "," 3,020 "," 3,100 "," 3,400 "," 3,680 "," 4,220 "," 5,425 "
  Delano," 16,900 "," 17,700 "," 18,600 "," 19,000 "," 19,200 "," 20,350 "," 20,500 "," 20,700 "," 21,850 "," 22,550 "
  Maricopa, 970 ," 1,000 "," 1,070 "," 1,160 "," 1,200 "," 1,190 "," 1,190 "," 1,170 "," 1,160 "," 1,190 "
  McFarland," 5,325 "," 5,475 "," 5,850 "," 6,225 "," 6,350 "," 6,425 "," 6,450 "," 6,575 "," 6,750 "," 6,975 "
  Ridgecrest," 16,050 "," 20,200 "," 20,650 "," 21,200 "," 21,700 "," 22,150 "," 23,150 "," 24,750 "," 26,300 "," 27,600 "
  Shafter," 7,150 "," 7,300 "," 7,425 "," 7,600 "," 7,700 "," 7,700 "," 7,825 "," 7,925 "," 8,000 "," 8,325 "
  Taft," 5,375 "," 5,500 "," 5,600 "," 5,800 "," 5,825 "," 5,975 "," 5,775 "," 5,800 "," 5,800 "," 5,900 "
  Tehachapi," 4,090 "," 4,180 "," 4,210 "," 4,250 "," 4,270 "," 4,270 "," 4,500 "," 4,980 "," 5,100 "," 5,700 "
  Wasco," 9,950 "," 10,300 "," 10,800 "," 11,100 "," 11,400 "," 11,650 "," 11,600 "," 11,700 "," 12,000 "," 12,300 "
  Incorporated," 184,900 "," 195,800 "," 203,500 "," 218,500 "," 228,800 "," 241,200 "," 250,100 "," 256,700 "," 265,500 "," 277,500 "
  Unincorporated," 227,900 "," 230,400 "," 236,900 "," 234,900 "," 237,700 "," 239,400 "," 242,800 "," 247,500 "," 252,800 "," 259,800 "
,,,,,,,,,,
KINGS," 75,100 "," 76,800 "," 79,200 "," 81,000 "," 83,200 "," 84,100 "," 84,500 "," 90,100 "," 95,200 "," 100,800 "
  Avenal," 4,160 "," 4,200 "," 4,210 "," 4,420 "," 4,380 "," 4,520 "," 4,680 "," 8,250 "," 9,050 "," 9,550 "
  Corcoran," 6,550 "," 6,675 "," 6,800 "," 6,975 "," 6,925 "," 7,000 "," 7,100 "," 7,550 "," 11,100 "," 13,450 "
  Hanford," 21,550 "," 22,350 "," 23,000 "," 23,650 "," 24,400 "," 24,750 "," 25,250 "," 25,950 "," 29,450 "," 30,650 "
  Lemoore," 9,275 "," 9,875 "," 10,050 "," 10,550 "," 11,650 "," 12,200 "," 12,450 "," 12,500 "," 12,750 "," 13,450 "
  Incorporated," 41,550 "," 43,150 "," 44,050 "," 45,600 "," 47,400 "," 48,450 "," 49,500 "," 54,300 "," 62,400 "," 67,100 "
  Unincorporated," 33,500 "," 33,650 "," 35,200 "," 35,450 "," 35,800 "," 35,700 "," 34,950 "," 35,750 "," 32,800 "," 33,700 "
,,,,,,,,,,
LAKE," 37,700 "," 39,250 "," 40,850 "," 42,750 "," 44,700 "," 45,950 "," 46,850 "," 47,800 "," 48,700 "," 50,200 "
  Clearlake," 8,700 "," 9,025 "," 9,375 "," 10,000 "," 10,450 "," 10,800 "," 10,950 "," 11,050 "," 11,300 "," 11,700 "
  Lakeport," 3,690 "," 3,680 "," 3,800 "," 3,860 "," 3,900 "," 3,920 "," 4,040 "," 4,180 "," 4,250 "," 4,360 "
  Incorporated," 12,400 "," 12,700 "," 13,200 "," 13,850 "," 14,350 "," 14,750 "," 14,950 "," 15,200 "," 15,550 "," 16,100 "
  Unincorporated," 25,300 "," 26,550 "," 27,650 "," 28,900 "," 30,350 "," 31,200 "," 31,850 "," 32,600 "," 33,200 "," 34,100 "
,,,,,,,,,,
LASSEN," 22,250 "," 23,050 "," 23,650 "," 23,850 "," 24,100 "," 24,650 "," 25,700 "," 26,450 "," 27,050 "," 27,000 "
  Susanville," 6,600 "," 6,700 "," 6,750 "," 6,825 "," 6,875 "," 7,050 "," 7,125 "," 7,225 "," 7,250 "," 7,250 "
  Incorporated," 6,600 "," 6,700 "," 6,750 "," 6,825 "," 6,875 "," 7,050 "," 7,125 "," 7,225 "," 7,250 "," 7,250 "
  Unincorporated," 15,650 "," 16,350 "," 16,900 "," 17,000 "," 17,250 "," 17,600 "," 18,600 "," 19,200 "," 19,800 "," 19,750 "
,,,,,,,,,,
LOS ANGELES," 7,554,900 "," 7,689,900 "," 7,846,900 "," 7,985,000 "," 8,121,000 "," 8,286,100 "," 8,452,200 "," 8,585,300 "," 8,706,200 "," 8,832,500 "
  Agoura Hills, (1), (1)," 14,500 "," 15,850 "," 16,450 "," 17,750 "," 18,700 "," 19,300 "," 19,700 "," 20,200 "
  Alhambra," 66,200 "," 68,300 "," 70,500 "," 72,100 "," 73,500 "," 75,200 "," 76,800 "," 77,700 "," 79,800 "," 81,700 "
  Arcadia," 46,050 "," 46,450 "," 46,900 "," 47,400 "," 47,400 "," 47,300 "," 47,900 "," 47,700 "," 47,450 "," 48,050 "
  Artesia," 14,300 "," 14,400 "," 14,500 "," 14,700 "," 14,950 "," 15,100 "," 15,150 "," 15,150 "," 15,300 "," 15,400 "
  Avalon," 2,100 "," 2,210 "," 2,320 "," 2,510 "," 2,580 "," 2,640 "," 2,720 "," 2,840 "," 2,880 "," 2,920 "
  Azusa," 30,750 "," 31,450 "," 32,350 "," 34,150 "," 36,000 "," 37,600 "," 38,450 "," 39,400 "," 40,450 "," 41,200 "
  Baldwin Park," 52,800 "," 54,400 "," 56,700 "," 59,000 "," 60,900 "," 63,500 "," 65,700 "," 67,000 "," 67,900 "," 69,100 "
  Bell," 26,200 "," 27,300 "," 28,400 "," 29,400 "," 30,200 "," 30,900 "," 31,900 "," 32,250 "," 33,150 "," 34,150 "
  Bellflower," 54,100 "," 55,300 "," 56,400 "," 57,000 "," 57,700 "," 58,600 "," 59,800 "," 60,400 "," 61,400 "," 62,000 "
  Bell Gardens," 35,150 "," 36,400 "," 37,600 "," 39,050 "," 39,750 "," 40,850 "," 40,000 "," 41,050 "," 41,450 "," 42,300 "
  Beverly Hills," 32,350 "," 32,200 "," 32,650 "," 32,900 "," 32,700 "," 32,600 "," 32,550 "," 32,650 "," 32,050 "," 31,850 "
  Bradbury, 800 , 810 , 830 , 820 , 840 , 830 , 850 , 850 , 840 , 830 
  Burbank," 84,900 "," 86,400 "," 87,200 "," 87,900 "," 87,900 "," 88,400 "," 89,500 "," 91,600 "," 92,000 "," 93,300 "
  Calabasas, (1), (1), (1), (1), (1), (1), (1), (1), (1), (1)
  Carson," 81,000 "," 82,200 "," 83,200 "," 84,000 "," 84,800 "," 84,900 "," 85,500 "," 85,200 "," 85,200 "," 85,000 "
  Cerritos," 53,000 "," 53,400 "," 53,700 "," 54,000 "," 54,100 "," 54,200 "," 54,200 "," 54,100 "," 53,700 "," 53,300 "
  Claremont," 32,650 "," 32,650 "," 32,600 "," 32,850 "," 32,700 "," 32,700 "," 32,850 "," 32,850 "," 32,750 "," 32,400 "
  Commerce," 10,800 "," 11,300 "," 11,700 "," 11,800 "," 11,800 "," 11,900 "," 11,600 "," 11,650 "," 12,000 "," 12,200 "
  Compton," 83,500 "," 84,500 "," 85,600 "," 87,100 "," 87,400 "," 89,300 "," 90,700 "," 90,300 "," 90,300 "," 90,500 "
  Covina," 38,150 "," 38,500 "," 39,050 "," 39,350 "," 40,150 "," 40,500 "," 41,850 "," 42,450 "," 42,500 "," 43,050 "
  Cudahy," 18,550 "," 19,000 "," 19,700 "," 20,350 "," 20,750 "," 21,250 "," 21,300 "," 21,850 "," 22,350 "," 22,650 "
  Culver City," 38,050 "," 38,350 "," 38,550 "," 38,650 "," 38,700 "," 39,350 "," 39,500 "," 39,650 "," 39,400 "," 39,550 "
  Diamond Bar, (1), (1), (1), (1), (1), (1), (1), (1), (1)," 53,900 "
  Downey," 83,200 "," 83,800 "," 85,000 "," 85,900 "," 86,900 "," 88,100 "," 89,300 "," 89,700 "," 90,300 "," 91,200 "
  Duarte," 17,750 "," 18,500 "," 19,050 "," 19,400 "," 19,500 "," 19,850 "," 20,250 "," 20,150 "," 20,250 "," 20,400 "
  El Monte," 82,900 "," 87,000 "," 90,500 "," 93,700 "," 96,200 "," 98,200 "," 100,400 "," 101,600 "," 104,200 "," 105,800 "
  El Segundo," 13,800 "," 13,800 "," 14,050 "," 14,250 "," 14,450 "," 14,850 "," 14,850 "," 15,100 "," 15,050 "," 15,250 "
  Gardena," 45,500 "," 46,150 "," 46,950 "," 47,550 "," 48,150 "," 48,650 "," 49,150 "," 49,650 "," 49,600 "," 49,800 "
  Glendale," 140,600 "," 144,100 "," 148,000 "," 150,100 "," 153,100 "," 155,900 "," 159,200 "," 164,300 "," 174,700 "," 178,800 "
  Glendora," 39,500 "," 39,800 "," 39,950 "," 40,400 "," 40,800 "," 41,750 "," 42,900 "," 47,100 "," 47,150 "," 47,700 "
  Hawaiian Gardens," 10,900 "," 11,300 "," 11,800 "," 12,000 "," 12,100 "," 12,550 "," 12,750 "," 12,950 "," 13,300 "," 13,550 "
  Hawthorne," 56,900 "," 57,900 "," 59,100 "," 60,000 "," 61,200 "," 62,700 "," 65,000 "," 69,100 "," 70,100 "," 71,000 "
  Hermosa Beach," 17,950 "," 18,050 "," 18,150 "," 18,200 "," 18,150 "," 18,200 "," 18,300 "," 18,500 "," 18,400 "," 18,200 "
  Hidden Hills," 1,760 "," 1,750 "," 1,770 "," 1,750 "," 1,750 "," 1,780 "," 1,760 "," 1,750 "," 1,700 "," 1,710 "
  Huntington Park," 47,200 "," 48,600 "," 49,900 "," 50,800 "," 52,300 "," 53,300 "," 53,700 "," 53,400 "," 54,400 "," 55,600 "
  Industry, 430 , 460 , 510 , 540 , 570 , 500 , 540 , 550 , 590 , 610 
  Inglewood," 94,900 "," 97,700 "," 100,100 "," 102,000 "," 103,500 "," 105,000 "," 107,100 "," 107,000 "," 107,900 "," 109,100 "
  Irwindale," 1,020 "," 1,010 "," 1,000 ", 980 , 960 , 940 , 930 , 900 ," 1,040 "," 1,050 "
  Lacanada Flintridge," 19,950 "," 19,950 "," 19,900 "," 19,900 "," 19,800 "," 19,800 "," 19,800 "," 19,650 "," 19,550 "," 19,400 "
  La Habra Heights," 4,900 "," 5,050 "," 5,225 "," 5,350 "," 5,500 "," 5,675 "," 5,850 "," 5,950 "," 6,125 "," 6,200 "
  Lakewood," 74,100 "," 74,200 "," 74,500 "," 74,700 "," 75,100 "," 74,800 "," 74,900 "," 74,900 "," 74,400 "," 74,400 "
  La Mirada," 40,500 "," 40,400 "," 40,400 "," 40,400 "," 40,450 "," 40,650 "," 40,550 "," 40,250 "," 40,000 "," 40,050 "
  Lancaster," 50,000 "," 52,300 "," 54,200 "," 56,900 "," 59,800 "," 64,600 "," 72,500 "," 79,500 "," 88,000 "," 95,400 "
  La Puente," 31,250 "," 31,800 "," 32,500 "," 33,200 "," 34,100 "," 34,700 "," 35,150 "," 35,550 "," 35,850 "," 36,800 "
  La Verne," 23,800 "," 24,750 "," 25,200 "," 25,700 "," 26,400 "," 27,050 "," 28,300 "," 29,000 "," 29,400 "," 30,600 "
  Lawndale," 23,750 "," 24,050 "," 24,550 "," 25,050 "," 25,450 "," 26,150 "," 26,700 "," 26,800 "," 26,850 "," 27,200 "
  Lomita," 19,000 "," 19,250 "," 19,350 "," 19,450 "," 19,450 "," 19,700 "," 19,800 "," 19,900 "," 19,900 "," 19,750 "
  Long Beach," 364,000 "," 371,600 "," 378,400 "," 383,000 "," 391,400 "," 399,300 "," 410,100 "," 419,500 "," 425,900 "," 427,200 "
  Los Angeles," 2,994,600 "," 3,035,800 "," 3,097,500 "," 3,158,400 "," 3,216,900 "," 3,289,100 "," 3,343,300 "," 3,392,600 "," 3,433,200 "," 3,476,000 "
  Lynwood," 49,600 "," 51,500 "," 53,400 "," 55,000 "," 56,000 "," 57,500 "," 58,500 "," 59,100 "," 59,900 "," 61,500 "
  Malibu, (1), (1), (1), (1), (1), (1), (1), (1), (1), (1)
  Manhattan Beach," 32,850 "," 32,700 "," 32,800 "," 32,700 "," 32,950 "," 32,900 "," 32,900 "," 32,750 "," 32,350 "," 32,050 "
  Maywood," 22,400 "," 23,300 "," 24,200 "," 24,850 "," 25,350 "," 25,950 "," 26,700 "," 27,000 "," 27,450 "," 27,950 "
  Monrovia," 30,900 "," 31,250 "," 31,950 "," 32,600 "," 32,950 "," 33,350 "," 34,000 "," 34,350 "," 34,650 "," 35,650 "
  Montebello," 53,400 "," 54,400 "," 55,500 "," 56,200 "," 57,000 "," 57,500 "," 56,200 "," 56,800 "," 58,200 "," 59,300 "
  Monterey Park," 55,600 "," 56,600 "," 58,200 "," 59,200 "," 60,200 "," 60,600 "," 58,700 "," 59,600 "," 59,900 "," 60,600 "
  Norwalk," 85,300 "," 86,000 "," 86,700 "," 87,800 "," 88,700 "," 89,400 "," 90,900 "," 91,600 "," 92,600 "," 93,800 "
  Palmdale," 13,600 "," 15,400 "," 17,150 "," 19,600 "," 23,150 "," 26,900 "," 37,050 "," 43,600 "," 51,000 "," 62,300 "
  Palos Verdes Estates," 14,250 "," 14,250 "," 14,200 "," 14,150 "," 14,050 "," 14,000 "," 13,950 "," 13,850 "," 13,650 "," 13,500 "
  Paramount," 37,350 "," 38,650 "," 40,100 "," 40,600 "," 41,150 "," 41,800 "," 42,850 "," 43,850 "," 45,850 "," 47,300 "
  Pasadena," 119,100 "," 121,200 "," 123,600 "," 125,500 "," 127,400 "," 127,800 "," 128,800 "," 129,500 "," 130,000 "," 131,200 "
  Pico Rivera," 53,900 "," 55,000 "," 55,700 "," 56,500 "," 56,700 "," 57,700 "," 55,100 "," 56,400 "," 57,900 "," 59,000 "
  Pomona," 97,200 "," 101,500 "," 105,200 "," 109,200 "," 113,900 "," 118,300 "," 123,300 "," 125,200 "," 127,300 "," 130,100 "
  Rancho Palos Verdes," 36,050 "," 35,800 "," 35,550 "," 43,150 "," 43,000 "," 42,900 "," 42,800 "," 42,550 "," 41,900 "," 41,600 "
  Redondo Beach," 57,200 "," 58,200 "," 60,100 "," 60,600 "," 60,600 "," 60,900 "," 61,000 "," 61,000 "," 60,400 "," 60,400 "
  Rolling Hills," 2,040 "," 2,030 "," 2,020 "," 2,010 "," 2,000 "," 1,970 "," 1,960 "," 1,930 "," 1,900 "," 1,880 "
  Rolling Hills Estates," 7,700 "," 7,725 "," 7,725 "," 7,750 "," 7,825 "," 7,825 "," 7,875 "," 7,900 "," 7,850 "," 7,800 "
  Rosemead," 43,200 "," 44,550 "," 45,800 "," 46,900 "," 47,650 "," 48,300 "," 48,950 "," 49,700 "," 50,500 "," 51,400 "
  San Dimas," 24,900 "," 26,100 "," 26,350 "," 26,700 "," 27,450 "," 28,350 "," 29,050 "," 31,000 "," 31,850 "," 32,400 "
  San Fernando," 17,950 "," 18,550 "," 19,150 "," 19,750 "," 20,300 "," 20,900 "," 21,600 "," 21,800 "," 22,450 "," 22,650 "
  San Gabriel," 30,450 "," 31,200 "," 31,950 "," 32,450 "," 32,850 "," 33,400 "," 34,550 "," 35,250 "," 36,050 "," 37,000 "
  San Marino," 13,300 "," 13,300 "," 13,400 "," 13,500 "," 13,450 "," 13,450 "," 13,450 "," 13,300 "," 13,200 "," 13,000 "
  Santa Clarita, (1), (1), (1), (1), (1), (1), (1)," 103,500 "," 109,300 "," 110,800 "
  Santa Fe Springs," 14,550 "," 14,550 "," 14,550 "," 14,700 "," 14,700 "," 14,750 "," 14,800 "," 14,750 "," 15,600 "," 15,550 "
  Santa Monica," 88,100 "," 88,800 "," 89,900 "," 90,300 "," 89,700 "," 88,900 "," 89,000 "," 88,900 "," 87,500 "," 87,000 "
  Sierra Madre," 10,750 "," 10,700 "," 10,750 "," 10,700 "," 10,750 "," 10,800 "," 10,800 "," 10,800 "," 10,800 "," 10,850 "
  Signal Hill," 5,900 "," 6,225 "," 7,075 "," 7,500 "," 7,800 "," 8,100 "," 8,250 "," 8,175 "," 8,300 "," 8,350 "
  South El Monte," 17,600 "," 18,050 "," 18,450 "," 18,950 "," 19,350 "," 19,950 "," 19,450 "," 19,950 "," 20,450 "," 20,800 "
  South Gate," 68,700 "," 71,600 "," 74,900 "," 77,200 "," 78,900 "," 80,700 "," 82,700 "," 83,600 "," 84,400 "," 85,700 "
  South Pasadena," 22,700 "," 22,950 "," 23,250 "," 23,500 "," 23,500 "," 23,650 "," 23,850 "," 23,600 "," 23,750 "," 23,900 "
  Temple City," 29,500 "," 30,100 "," 30,500 "," 30,700 "," 30,850 "," 30,900 "," 31,300 "," 31,300 "," 30,950 "," 30,950 "
  Torrance," 129,700 "," 130,800 "," 132,300 "," 133,100 "," 133,400 "," 133,600 "," 134,500 "," 134,600 "," 134,900 "," 134,700 "
  Vernon, 95 , 100 , 110 , 110 , 110 , 130 , 130 , 130 , 140 , 150 
  Walnut," 12,550 "," 13,100 "," 13,750 "," 15,250 "," 17,950 "," 18,800 "," 21,600 "," 24,550 "," 26,850 "," 29,150 "
  West Covina," 83,200 "," 87,400 "," 89,100 "," 90,000 "," 91,200 "," 92,500 "," 94,200 "," 94,900 "," 95,300 "," 95,900 "
  West Hollywood, (1), (1), (1), (1)," 36,750 "," 36,750 "," 36,850 "," 36,500 "," 36,350 "," 36,200 "
  Westlake Village, (1)," 6,350 "," 6,300 "," 6,275 "," 6,200 "," 6,100 "," 6,275 "," 6,400 "," 6,675 "," 7,075 "
  Whittier," 68,700 "," 69,600 "," 70,700 "," 71,700 "," 72,400 "," 73,500 "," 74,900 "," 74,600 "," 75,700 "," 77,400 "
  Incorporated," 6,551,800 "," 6,673,900 "," 6,824,800 "," 6,957,300 "," 7,113,200 "," 7,250,200 "," 7,379,500 "," 7,595,600 "," 7,703,900 "," 7,865,000 "
  Unincorporated," 1,003,200 "," 1,016,000 "," 1,022,100 "," 1,027,700 "," 1,007,800 "," 1,035,900 "," 1,072,700 "," 989,700 "," 1,002,300 "," 967,500 "
,,,,,,,,,,
MADERA," 65,500 "," 68,000 "," 70,000 "," 71,900 "," 73,800 "," 75,500 "," 77,300 "," 79,900 "," 82,200 "," 86,400 "
  Chowchilla," 5,125 "," 5,200 "," 5,250 "," 5,650 "," 5,725 "," 5,775 "," 5,775 "," 5,725 "," 5,725 "," 5,875 "
  Madera," 22,600 "," 23,700 "," 24,700 "," 25,200 "," 25,950 "," 26,550 "," 27,000 "," 27,500 "," 27,700 "," 28,800 "
  Incorporated," 27,750 "," 28,900 "," 29,900 "," 30,850 "," 31,650 "," 32,300 "," 32,750 "," 33,200 "," 33,400 "," 34,700 "
  Unincorporated," 37,750 "," 39,100 "," 40,050 "," 41,050 "," 42,150 "," 43,200 "," 44,550 "," 46,750 "," 48,750 "," 51,700 "
,,,,,,,,,,
MARIN," 222,900 "," 222,800 "," 222,500 "," 222,400 "," 220,500 "," 220,800 "," 221,700 "," 222,100 "," 224,500 "," 229,900 "
  Belvedere," 2,380 "," 2,350 "," 2,310 "," 2,270 "," 2,230 "," 2,210 "," 2,160 "," 2,130 "," 2,130 "," 2,160 "
  Corte Madera," 8,225 "," 8,300 "," 8,300 "," 8,275 "," 8,200 "," 8,100 "," 8,075 "," 8,100 "," 8,150 "," 8,300 "
  Fairfax," 7,400 "," 7,400 "," 7,375 "," 7,350 "," 7,350 "," 7,325 "," 7,300 "," 7,500 "," 7,275 "," 6,975 "
  Larkspur," 11,350 "," 11,400 "," 11,400 "," 11,300 "," 11,150 "," 11,100 "," 11,050 "," 10,950 "," 11,000 "," 11,100 "
  Mill Valley," 12,900 "," 12,800 "," 12,800 "," 12,600 "," 12,700 "," 12,700 "," 12,900 "," 13,050 "," 13,000 "," 13,100 "
  Novato," 44,650 "," 44,500 "," 44,400 "," 44,150 "," 43,900 "," 44,200 "," 44,900 "," 45,100 "," 46,250 "," 47,650 "
  Ross," 2,750 "," 2,680 "," 2,630 "," 2,520 "," 2,440 "," 2,370 "," 2,320 "," 2,230 "," 2,190 "," 2,140 "
  San Anselmo," 12,000 "," 11,950 "," 11,900 "," 11,850 "," 11,800 "," 11,750 "," 11,650 "," 11,600 "," 11,600 "," 11,750 "
  San Rafael," 44,800 "," 44,900 "," 45,050 "," 45,000 "," 44,900 "," 45,500 "," 46,200 "," 46,550 "," 47,350 "," 48,400 "
  Sausalito," 7,300 "," 7,400 "," 7,475 "," 7,400 "," 7,325 "," 7,225 "," 7,225 "," 7,150 "," 7,175 "," 7,175 "
  Tiburon," 6,625 "," 6,525 "," 6,450 "," 6,375 "," 7,450 "," 7,500 "," 7,575 "," 7,625 "," 7,525 "," 7,500 "
  Incorporated," 160,400 "," 160,200 "," 160,100 "," 159,100 "," 159,400 "," 159,900 "," 161,300 "," 162,000 "," 163,700 "," 166,200 "
  Unincorporated," 62,500 "," 62,700 "," 62,400 "," 63,300 "," 61,100 "," 60,800 "," 60,300 "," 60,100 "," 60,800 "," 63,700 "
,,,,,,,,,,
MARIPOSA," 11,300 "," 11,550 "," 11,750 "," 11,950 "," 12,300 "," 12,550 "," 12,800 "," 13,150 "," 13,450 "," 14,050 "
  Unincorporated," 11,300 "," 11,550 "," 11,750 "," 11,950 "," 12,300 "," 12,550 "," 12,800 "," 13,150 "," 13,450 "," 14,050 "
,,,,,,,,,,
MENDOCINO," 67,800 "," 69,200 "," 70,300 "," 71,300 "," 72,700 "," 74,000 "," 75,000 "," 76,200 "," 77,600 "," 79,700 "
  Fort Bragg," 5,275 "," 5,300 "," 5,475 "," 5,525 "," 5,600 "," 5,675 "," 5,775 "," 5,850 "," 5,900 "," 6,025 "
  Point Arena, 430 , 450 , 450 , 430 , 460 , 430 , 420 , 400 , 400 , 410 
  Ukiah," 12,200 "," 12,400 "," 12,900 "," 13,050 "," 13,200 "," 13,450 "," 13,600 "," 13,850 "," 14,350 "," 14,600 "
  Willits," 4,030 "," 4,140 "," 4,220 "," 4,450 "," 4,560 "," 4,620 "," 4,730 "," 4,790 "," 4,910 "," 4,990 "
  Incorporated," 21,950 "," 22,300 "," 23,050 "," 23,450 "," 23,800 "," 24,150 "," 24,500 "," 24,900 "," 25,550 "," 26,000 "
  Unincorporated," 45,850 "," 46,900 "," 47,250 "," 47,850 "," 48,850 "," 49,850 "," 50,500 "," 51,300 "," 52,100 "," 53,700 "
,,,,,,,,,,
MERCED," 137,600 "," 141,400 "," 145,400 "," 150,200 "," 154,700 "," 158,300 "," 161,200 "," 165,400 "," 170,000 "," 176,300 "
  Atwater," 18,050 "," 18,250 "," 18,150 "," 18,900 "," 19,500 "," 19,900 "," 20,600 "," 21,100 "," 21,500 "," 22,100 "
  Dos Palos," 3,140 "," 3,170 "," 3,370 "," 3,480 "," 3,690 "," 3,960 "," 4,000 "," 4,060 "," 4,140 "," 4,190 "
  Gustine," 3,260 "," 3,330 "," 3,370 "," 3,380 "," 3,440 "," 3,490 "," 3,460 "," 3,630 "," 3,870 "," 3,920 "
  Livingston," 5,475 "," 5,650 "," 5,725 "," 5,875 "," 6,075 "," 6,275 "," 6,550 "," 6,700 "," 7,175 "," 7,275 "
  Los Banos," 10,700 "," 10,950 "," 11,100 "," 11,450 "," 11,900 "," 12,000 "," 12,100 "," 12,200 "," 12,500 "," 13,750 "
  Merced," 38,250 "," 40,250 "," 42,350 "," 44,250 "," 44,750 "," 47,050 "," 48,600 "," 51,300 "," 53,300 "," 55,700 "
  Incorporated," 78,900 "," 81,600 "," 84,100 "," 87,300 "," 89,300 "," 92,700 "," 95,300 "," 99,000 "," 102,500 "," 106,900 "
  Unincorporated," 58,700 "," 59,900 "," 61,400 "," 63,000 "," 65,300 "," 65,600 "," 66,000 "," 66,500 "," 67,500 "," 69,400 "
,,,,,,,,,,
MODOC," 8,825 "," 9,100 "," 9,325 "," 9,475 "," 9,475 "," 9,325 "," 9,200 "," 9,175 "," 9,325 "," 9,600 "
  Alturas," 3,060 "," 3,160 "," 3,190 "," 3,290 "," 3,250 "," 3,190 "," 3,100 "," 3,010 "," 3,000 "," 3,190 "
  Incorporated," 3,060 "," 3,160 "," 3,190 "," 3,290 "," 3,250 "," 3,190 "," 3,100 "," 3,010 "," 3,000 "," 3,190 "
  Unincorporated," 5,775 "," 5,925 "," 6,125 "," 6,175 "," 6,225 "," 6,125 "," 6,100 "," 6,175 "," 6,325 "," 6,400 "
,,,,,,,,,,
MONO," 8,800 "," 9,100 "," 9,250 "," 9,000 "," 8,800 "," 8,800 "," 8,825 "," 8,975 "," 9,200 "," 9,750 "
  Mammoth Lakes, (1), (1), (1), (1)," 4,420 "," 4,390 "," 4,260 "," 4,360 "," 4,300 "," 4,760 "
  Incorporated, (1), (1), (1), (1)," 4,420 "," 4,390 "," 4,260 "," 4,360 "," 4,300 "," 4,760 "
  Unincorporated," 8,800 "," 9,100 "," 9,250 "," 9,000 "," 4,380 "," 4,420 "," 4,560 "," 4,610 "," 4,890 "," 4,990 "
,,,,,,,,,,
MONTEREY," 296,500 "," 303,000 "," 310,900 "," 318,400 "," 324,000 "," 330,600 "," 335,800 "," 340,600 "," 344,100 "," 353,400 "
  Carmel-By-The-Sea," 4,670 "," 4,610 "," 4,590 "," 4,510 "," 4,500 "," 4,450 "," 4,370 "," 4,320 "," 4,230 "," 4,250 "
  Del Rey Oaks," 1,550 "," 1,530 "," 1,530 "," 1,500 "," 1,480 "," 1,450 "," 1,410 "," 1,400 "," 1,590 "," 1,670 "
  Gonzales," 2,980 "," 3,090 "," 3,270 "," 3,450 "," 3,590 "," 3,850 "," 4,240 "," 4,230 "," 4,360 "," 4,580 "
  Greenfield," 4,450 "," 4,550 "," 4,760 "," 4,830 "," 5,225 "," 5,725 "," 6,075 "," 6,525 "," 6,750 "," 7,450 "
  King City," 5,650 "," 5,750 "," 6,075 "," 6,425 "," 6,650 "," 6,925 "," 7,050 "," 7,275 "," 7,425 "," 7,525 "
  Marina," 21,000 "," 22,950 "," 24,900 "," 25,750 "," 24,800 "," 24,850 "," 24,550 "," 24,800 "," 25,950 "," 27,550 "
  Monterey," 28,200 "," 28,150 "," 28,800 "," 29,150 "," 29,600 "," 30,050 "," 30,600 "," 30,800 "," 31,250 "," 31,800 "
  Pacific Grove," 15,950 "," 15,950 "," 16,050 "," 16,000 "," 16,000 "," 15,950 "," 16,000 "," 16,100 "," 16,100 "," 16,050 "
  Salinas," 82,700 "," 85,300 "," 87,600 "," 91,100 "," 94,600 "," 98,300 "," 100,800 "," 103,900 "," 105,400 "," 107,600 "
  Sand City, 180 , 180 , 190 , 180 , 190 , 220 , 220 , 210 , 210 , 190 
  Seaside," 37,350 "," 36,900 "," 37,000 "," 37,100 "," 37,250 "," 37,400 "," 37,600 "," 38,100 "," 37,200 "," 38,950 "
  Soledad," 5,950 "," 6,050 "," 6,250 "," 6,275 "," 6,350 "," 6,525 "," 6,550 "," 6,625 "," 6,650 "," 7,025 "
  Incorporated," 210,600 "," 215,000 "," 221,000 "," 226,300 "," 230,200 "," 235,600 "," 239,400 "," 244,100 "," 247,100 "," 254,700 "
  Unincorporated," 85,900 "," 88,000 "," 89,900 "," 92,100 "," 93,800 "," 94,900 "," 96,400 "," 96,500 "," 97,100 "," 98,700 "
,,,,,,,,,,
NAPA," 99,600 "," 100,600 "," 101,400 "," 101,800 "," 102,500 "," 103,600 "," 104,600 "," 105,500 "," 107,100 "," 109,900 "
  Calistoga," 3,950 "," 3,980 "," 4,040 "," 4,060 "," 4,090 "," 4,200 "," 4,350 "," 4,400 "," 4,410 "," 4,450 "
  Napa," 52,000 "," 52,800 "," 53,400 "," 54,400 "," 55,500 "," 56,300 "," 57,500 "," 58,600 "," 59,700 "," 61,400 "
  St Helena," 4,950 "," 4,980 "," 5,125 "," 5,050 "," 5,000 "," 5,075 "," 4,950 "," 4,990 "," 5,000 "," 4,980 "
  Yountville," 2,850 "," 3,000 "," 3,040 "," 3,040 "," 3,130 "," 3,110 "," 3,170 "," 3,070 "," 3,060 "," 3,230 "
  Incorporated," 63,700 "," 64,800 "," 65,600 "," 66,500 "," 67,800 "," 68,700 "," 70,000 "," 71,100 "," 72,100 "," 74,000 "
  Unincorporated," 35,900 "," 35,800 "," 35,750 "," 35,300 "," 34,750 "," 34,850 "," 34,600 "," 34,450 "," 35,000 "," 35,900 "
,,,,,,,,,,
NEVADA," 54,200 "," 57,400 "," 59,600 "," 61,300 "," 63,500 "," 65,900 "," 68,500 "," 71,400 "," 74,100 "," 77,500 "
  Grass Valley," 7,025 "," 7,325 "," 7,425 "," 7,450 "," 7,750 "," 7,850 "," 7,975 "," 8,125 "," 8,375 "," 8,850 "
  Nevada City," 2,400 "," 2,380 "," 2,360 "," 2,470 "," 2,660 "," 2,720 "," 2,740 "," 2,760 "," 2,790 "," 2,860 "
  Incorporated," 9,425 "," 9,700 "," 9,800 "," 9,925 "," 10,400 "," 10,550 "," 10,700 "," 10,900 "," 11,150 "," 11,700 "
  Unincorporated," 44,800 "," 47,750 "," 49,850 "," 51,400 "," 53,100 "," 55,300 "," 57,800 "," 60,500 "," 62,900 "," 65,700 "
,,,,,,,,,,
ORANGE," 1,974,600 "," 2,024,200 "," 2,065,300 "," 2,103,300 "," 2,143,600 "," 2,193,200 "," 2,243,500 "," 2,292,300 "," 2,344,200 "," 2,398,400 "
  Anaheim," 223,700 "," 227,400 "," 234,600 "," 239,900 "," 244,400 "," 247,200 "," 252,700 "," 254,700 "," 258,700 "," 264,500 "
  Brea," 30,050 "," 31,100 "," 31,300 "," 31,600 "," 31,900 "," 32,300 "," 32,350 "," 31,800 "," 32,700 "," 32,950 "
  Buena Park," 64,400 "," 64,500 "," 65,300 "," 66,000 "," 66,200 "," 66,700 "," 66,800 "," 67,200 "," 67,700 "," 68,400 "
  Costa Mesa," 83,800 "," 85,200 "," 86,200 "," 86,500 "," 87,200 "," 88,600 "," 90,200 "," 92,500 "," 93,900 "," 95,600 "
  Cypress," 40,500 "," 40,550 "," 42,150 "," 41,900 "," 41,500 "," 41,250 "," 41,000 "," 40,650 "," 42,550 "," 42,650 "
  Dana Point, (1), (1), (1), (1), (1), (1), (1), (1)," 29,950 "," 31,400 "
  Fountain Valley," 54,700 "," 54,500 "," 54,300 "," 54,200 "," 54,100 "," 53,600 "," 53,600 "," 53,300 "," 53,700 "," 53,800 "
  Fullerton," 103,100 "," 105,100 "," 106,400 "," 108,400 "," 109,400 "," 110,500 "," 111,200 "," 111,700 "," 113,500 "," 113,900 "
  Garden Grove," 126,700 "," 128,300 "," 130,600 "," 132,700 "," 134,800 "," 136,900 "," 138,600 "," 139,200 "," 141,000 "," 142,400 "
  Huntington Beach," 173,300 "," 175,000 "," 176,400 "," 176,300 "," 176,200 "," 178,000 "," 178,800 "," 178,300 "," 178,900 "," 181,100 "
  Irvine," 66,000 "," 72,100 "," 75,300 "," 79,400 "," 84,400 "," 92,100 "," 98,700 "," 103,000 "," 106,800 "," 109,700 "
  Laguna Beach," 17,900 "," 18,050 "," 18,100 "," 17,950 "," 17,900 "," 17,800 "," 17,750 "," 23,000 "," 23,300 "," 23,200 "
  Laguna Hills, (1), (1), (1), (1), (1), (1), (1), (1), (1), (1)
  Laguna Niguel, (1), (1), (1), (1), (1), (1), (1), (1), (1)," 43,000 "
  La Habra," 46,200 "," 46,950 "," 47,700 "," 48,300 "," 48,500 "," 49,050 "," 49,350 "," 49,700 "," 50,300 "," 50,900 "
  Lake Forest, (1), (1), (1), (1), (1), (1), (1), (1), (1), (1)
  La Palma," 15,400 "," 15,450 "," 15,400 "," 15,700 "," 15,700 "," 15,650 "," 15,600 "," 15,400 "," 15,400 "," 15,400 "
  Los Alamitos," 11,550 "," 11,600 "," 11,550 "," 11,300 "," 11,400 "," 11,550 "," 11,600 "," 11,550 "," 11,550 "," 11,550 "
  Mission Viejo, (1), (1), (1), (1), (1), (1), (1), (1)," 70,300 "," 72,000 "
  Newport Beach," 64,000 "," 64,400 "," 64,900 "," 64,900 "," 64,900 "," 65,000 "," 65,100 "," 66,300 "," 66,700 "," 66,700 "
  Orange," 93,900 "," 95,600 "," 97,200 "," 98,700 "," 100,600 "," 103,000 "," 104,500 "," 106,200 "," 108,300 "," 110,100 "
  Placentia," 35,550 "," 36,750 "," 37,100 "," 37,200 "," 37,300 "," 37,850 "," 38,400 "," 40,200 "," 40,800 "," 41,250 "
  San Clemente," 27,850 "," 28,400 "," 29,100 "," 29,700 "," 30,600 "," 32,150 "," 35,200 "," 37,600 "," 39,400 "," 40,800 "
  San Juan Capistrano," 19,750 "," 20,550 "," 21,150 "," 21,800 "," 22,250 "," 22,900 "," 24,100 "," 24,800 "," 25,100 "," 26,000 "
  Santa Ana," 212,000 "," 224,000 "," 233,500 "," 243,100 "," 250,600 "," 258,700 "," 265,300 "," 274,600 "," 287,300 "," 292,200 "
  Seal Beach," 25,900 "," 25,750 "," 25,600 "," 25,600 "," 26,000 "," 26,050 "," 25,800 "," 25,400 "," 25,350 "," 25,150 "
  Stanton," 24,800 "," 25,750 "," 26,650 "," 27,100 "," 28,800 "," 29,000 "," 29,300 "," 29,650 "," 30,050 "," 30,350 "
  Tustin," 37,700 "," 38,750 "," 40,250 "," 40,850 "," 41,750 "," 43,500 "," 43,800 "," 46,400 "," 47,900 "," 50,800 "
  Villa Park," 7,075 "," 7,050 "," 6,975 "," 6,875 "," 6,725 "," 6,550 "," 6,450 "," 6,325 "," 6,325 "," 6,275 "
  Westminster," 71,900 "," 72,700 "," 73,700 "," 74,600 "," 74,900 "," 75,700 "," 76,200 "," 77,000 "," 77,300 "," 78,000 "
  Yorba Linda," 29,650 "," 31,200 "," 31,900 "," 33,750 "," 36,100 "," 38,750 "," 42,000 "," 45,250 "," 47,250 "," 51,800 "
  Incorporated," 1,707,500 "," 1,746,600 "," 1,783,100 "," 1,814,400 "," 1,844,000 "," 1,880,300 "," 1,914,400 "," 1,951,600 "," 2,092,000 "," 2,172,000 "
  Unincorporated," 267,100 "," 277,700 "," 282,200 "," 288,800 "," 299,600 "," 312,900 "," 329,100 "," 340,700 "," 252,200 "," 226,400 "
,,,,,,,,,,
PLACER," 120,700 "," 125,000 "," 128,400 "," 132,000 "," 136,500 "," 141,500 "," 147,400 "," 154,000 "," 161,000 "," 170,100 "
  Auburn," 7,700 "," 7,975 "," 8,225 "," 8,475 "," 8,725 "," 8,675 "," 9,125 "," 9,400 "," 10,000 "," 10,500 "
  Colfax," 1,030 "," 1,060 "," 1,080 "," 1,110 "," 1,140 "," 1,150 "," 1,180 "," 1,230 "," 1,280 "," 1,310 "
  Lincoln," 4,270 "," 4,460 "," 4,690 "," 5,175 "," 5,400 "," 5,600 "," 6,450 "," 6,750 "," 6,900 "," 7,125 "
  Loomis, (1), (1), (1), (1)," 4,650 "," 4,990 "," 5,400 "," 5,525 "," 5,550 "," 5,675 "
  Rocklin," 7,600 "," 8,250 "," 8,725 "," 9,250 "," 10,050 "," 10,850 "," 13,500 "," 15,200 "," 16,750 "," 18,200 "
  Roseville," 25,150 "," 25,900 "," 26,450 "," 27,400 "," 28,000 "," 30,450 "," 32,750 "," 36,100 "," 39,300 "," 43,700 "
  Incorporated," 45,750 "," 47,650 "," 49,150 "," 51,400 "," 58,000 "," 61,700 "," 68,500 "," 74,200 "," 79,800 "," 86,500 "
  Unincorporated," 75,000 "," 77,400 "," 79,300 "," 80,600 "," 78,600 "," 79,800 "," 78,900 "," 79,800 "," 81,100 "," 83,600 "
,,,,,,,,,,
PLUMAS," 17,600 "," 18,000 "," 18,100 "," 18,100 "," 18,350 "," 18,650 "," 18,800 "," 19,150 "," 19,300 "," 19,600 "
  Portola," 1,920 "," 1,960 "," 1,970 "," 1,940 "," 2,040 "," 2,040 "," 2,030 "," 2,040 "," 2,070 "," 2,170 "
  Incorporated," 1,920 "," 1,960 "," 1,970 "," 1,940 "," 2,040 "," 2,040 "," 2,030 "," 2,040 "," 2,070 "," 2,170 "
  Unincorporated," 15,650 "," 16,050 "," 16,150 "," 16,150 "," 16,350 "," 16,600 "," 16,750 "," 17,100 "," 17,250 "," 17,450 "
,,,,,,,,,,
RIVERSIDE," 683,600 "," 711,800 "," 740,800 "," 774,500 "," 815,100 "," 862,700 "," 919,600 "," 983,800 "," 1,057,200 "," 1,144,400 "
  Banning," 14,450 "," 14,650 "," 15,150 "," 15,500 "," 16,050 "," 16,600 "," 16,700 "," 17,350 "," 18,650 "," 19,950 "
  Beaumont," 6,925 "," 7,225 "," 7,475 "," 7,475 "," 7,525 "," 7,625 "," 7,800 "," 8,275 "," 8,875 "," 9,525 "
  Blythe," 6,875 "," 7,000 "," 7,150 "," 7,525 "," 7,675 "," 7,775 "," 7,825 "," 8,100 "," 8,175 "," 8,325 "
  Calimesa, (1), (1), (1), (1), (1), (1), (1), (1), (1), (1)
  Canyon Lake, (1), (1), (1), (1), (1), (1), (1), (1), (1), (1)
  Cathedral City, (1)," 11,900 "," 12,450 "," 14,100 "," 15,000 "," 17,800 "," 22,000 "," 25,000 "," 27,000 "," 29,050 "
  Coachella," 9,825 "," 11,200 "," 11,850 "," 12,800 "," 13,550 "," 13,950 "," 14,900 "," 15,600 "," 16,200 "," 16,600 "
  Corona," 38,500 "," 40,100 "," 41,750 "," 43,400 "," 45,750 "," 47,300 "," 50,100 "," 55,600 "," 64,800 "," 73,300 "
  Desert Hot Springs," 6,425 "," 6,975 "," 7,475 "," 7,775 "," 8,050 "," 8,500 "," 9,400 "," 10,800 "," 11,050 "," 11,550 "
  Hemet," 23,050 "," 24,800 "," 25,600 "," 26,650 "," 28,400 "," 29,400 "," 30,550 "," 32,300 "," 33,500 "," 35,350 "
  Indian Wells," 1,500 "," 1,590 "," 1,780 "," 1,840 "," 1,960 "," 2,030 "," 2,210 "," 2,360 "," 2,490 "," 2,570 "
  Indio," 23,000 "," 23,900 "," 25,400 "," 26,800 "," 28,400 "," 29,700 "," 31,000 "," 33,050 "," 34,150 "," 35,400 "
  Lake Elsinore," 6,450 "," 7,800 "," 8,525 "," 9,325 "," 10,450 "," 12,200 "," 13,800 "," 14,550 "," 16,900 "," 17,900 "
  La Quinta, (1), (1)," 5,625 "," 6,425 "," 6,875 "," 7,175 "," 7,975 "," 8,800 "," 9,450 "," 10,650 "
  Moreno Valley, (1), (1), (1), (1)," 58,300 "," 66,400 "," 81,100 "," 92,500 "," 103,100 "," 115,500 "
  Murietta, (1), (1), (1), (1), (1), (1), (1), (1), (1), (1)
  Norco," 19,650 "," 20,150 "," 20,650 "," 21,300 "," 21,350 "," 21,650 "," 22,700 "," 23,100 "," 23,400 "," 23,100 "
  Palm Desert," 12,600 "," 13,650 "," 14,650 "," 15,650 "," 16,650 "," 17,950 "," 18,900 "," 20,250 "," 21,800 "," 22,750 "
  Palm Springs," 32,300 "," 32,400 "," 33,050 "," 33,300 "," 32,000 "," 31,100 "," 33,000 "," 35,400 "," 37,750 "," 39,500 "
  Perris," 7,200 "," 7,800 "," 8,275 "," 9,250 "," 10,150 "," 11,150 "," 12,950 "," 14,300 "," 17,300 "," 21,050 "
  Rancho Mirage," 6,500 "," 6,850 "," 7,100 "," 7,425 "," 7,775 "," 8,150 "," 8,500 "," 8,925 "," 9,325 "," 9,600 "
  Riverside," 172,100 "," 173,300 "," 178,100 "," 183,900 "," 188,900 "," 196,800 "," 205,400 "," 212,600 "," 216,600 "," 223,300 "
  San Jacinto," 7,525 "," 8,075 "," 8,450 "," 9,075 "," 10,150 "," 10,700 "," 12,050 "," 13,500 "," 14,100 "," 15,500 "
  Temecula, (1), (1), (1), (1), (1), (1), (1), (1), (1)," 25,300 "
  Incorporated," 394,900 "," 419,400 "," 440,500 "," 459,500 "," 535,000 "," 564,000 "," 608,800 "," 652,300 "," 694,600 "," 765,800 "
  Unincorporated," 288,800 "," 292,400 "," 300,200 "," 315,000 "," 280,200 "," 298,700 "," 310,800 "," 331,500 "," 362,600 "," 378,600 "
,,,,,,,,,,
SACRAMENTO," 797,000 "," 819,600 "," 842,500 "," 861,400 "," 880,600 "," 904,800 "," 934,700 "," 967,000 "," 996,500 "," 1,031,500 "
  Folsom," 11,000 "," 12,300 "," 13,350 "," 14,450 "," 15,600 "," 16,800 "," 20,400 "," 23,450 "," 25,800 "," 29,700 "
  Galt," 5,575 "," 5,900 "," 6,275 "," 6,325 "," 6,575 "," 6,850 "," 7,250 "," 7,450 "," 7,900 "," 8,775 "
  Isleton, 910 , 900 , 920 , 890 , 880 , 870 , 850 , 860 , 850 , 850 
  Sacramento," 282,400 "," 292,600 "," 302,300 "," 311,700 "," 319,700 "," 329,600 "," 340,600 "," 351,000 "," 359,300 "," 366,500 "
  Incorporated," 299,800 "," 311,700 "," 322,900 "," 333,400 "," 342,800 "," 354,200 "," 369,200 "," 382,800 "," 393,800 "," 405,900 "
  Unincorporated," 497,100 "," 507,900 "," 519,600 "," 528,000 "," 537,800 "," 550,600 "," 565,600 "," 584,300 "," 602,600 "," 625,700 "
,,,,,,,,,,
SAN BENITO," 25,500 "," 26,350 "," 27,150 "," 28,050 "," 29,250 "," 30,700 "," 32,050 "," 33,400 "," 34,950 "," 36,400 "
  Hollister," 12,000 "," 12,650 "," 13,450 "," 14,100 "," 14,950 "," 16,050 "," 16,950 "," 17,550 "," 18,400 "," 19,000 "
  San Juan Bautista," 1,280 "," 1,280 "," 1,280 "," 1,300 "," 1,360 "," 1,380 "," 1,400 "," 1,480 "," 1,570 "," 1,570 "
  Incorporated," 13,300 "," 13,950 "," 14,700 "," 15,400 "," 16,300 "," 17,400 "," 18,350 "," 19,000 "," 19,950 "," 20,550 "
  Unincorporated," 12,200 "," 12,400 "," 12,450 "," 12,650 "," 12,950 "," 13,250 "," 13,700 "," 14,350 "," 15,000 "," 15,850 "
,,,,,,,,,,
SAN BERNARDINO," 917,600 "," 949,700 "," 978,900 "," 1,007,900 "," 1,044,500 "," 1,094,400 "," 1,155,400 "," 1,229,300 "," 1,311,100 "," 1,396,600 "
  Adelanto," 2,430 "," 2,890 "," 3,310 "," 3,980 "," 4,830 "," 5,575 "," 6,075 "," 6,550 "," 7,575 "," 8,250 "
  Apple Valley, (1), (1), (1), (1), (1), (1), (1), (1)," 41,900 "," 44,800 "
  Barstow," 17,650 "," 18,050 "," 18,550 "," 18,850 "," 19,050 "," 19,400 "," 19,950 "," 20,000 "," 20,150 "," 21,150 "
  Big Bear Lake," 4,860 "," 4,850 "," 5,000 "," 5,375 "," 5,425 "," 5,425 "," 5,400 "," 5,175 "," 5,250 "," 5,375 "
  Chino," 41,600 "," 42,500 "," 44,000 "," 45,900 "," 48,000 "," 49,350 "," 51,400 "," 55,900 "," 56,700 "," 59,300 "
  Chino Hills, (1), (1), (1), (1), (1), (1), (1), (1), (1), (1)
  Colton," 21,600 "," 22,100 "," 22,600 "," 23,400 "," 24,750 "," 27,700 "," 31,750 "," 33,500 "," 37,600 "," 39,400 "
  Fontana," 39,550 "," 42,850 "," 43,850 "," 45,000 "," 48,250 "," 52,200 "," 59,000 "," 68,700 "," 76,300 "," 85,100 "
  Grand Terrace," 8,675 "," 8,800 "," 9,300 "," 9,525 "," 9,650 "," 9,675 "," 9,575 "," 9,650 "," 10,400 "," 10,750 "
  Hesperia, (1), (1), (1), (1), (1), (1), (1), (1)," 46,250 "," 49,050 "
  Highland, (1), (1), (1), (1), (1), (1), (1)," 30,500 "," 31,450 "," 33,850 "
  Loma Linda," 10,750 "," 11,100 "," 11,500 "," 11,800 "," 11,950 "," 12,750 "," 13,700 "," 14,350 "," 15,700 "," 17,000 "
  Montclair," 23,450 "," 24,350 "," 24,950 "," 25,200 "," 25,350 "," 25,850 "," 26,200 "," 26,450 "," 26,800 "," 28,050 "
  Needles," 4,110 "," 4,040 "," 4,130 "," 4,160 "," 4,400 "," 4,680 "," 4,750 "," 4,660 "," 4,850 "," 5,050 "
  Ontario," 92,100 "," 94,700 "," 100,600 "," 105,000 "," 109,100 "," 111,500 "," 115,300 "," 121,300 "," 125,600 "," 130,000 "
  Rancho Cucamonga," 55,500 "," 55,800 "," 55,100 "," 55,400 "," 58,500 "," 65,200 "," 71,300 "," 83,500 "," 90,500 "," 98,500 "
  Redlands," 44,850 "," 45,750 "," 47,200 "," 48,100 "," 48,750 "," 50,100 "," 52,600 "," 54,500 "," 57,100 "," 59,600 "
  Rialto," 41,100 "," 42,050 "," 43,200 "," 44,400 "," 47,300 "," 53,500 "," 57,000 "," 62,000 "," 64,600 "," 70,300 "
  San Bernardino," 123,200 "," 127,400 "," 130,300 "," 132,900 "," 136,600 "," 139,100 "," 143,500 "," 151,800 "," 155,300 "," 161,800 "
  Twentynine Palms, (1), (1), (1), (1), (1), (1), (1)," 11,200 "," 11,400 "," 11,750 "
  Upland," 48,650 "," 49,500 "," 50,400 "," 51,600 "," 53,500 "," 55,400 "," 57,900 "," 60,100 "," 62,200 "," 62,700 "
  Victorville," 14,950 "," 16,100 "," 17,150 "," 18,300 "," 19,500 "," 22,050 "," 23,800 "," 25,800 "," 30,350 "," 39,000 "
  Yucaipa, (1), (1), (1), (1), (1), (1), (1), (1), (1)," 32,400 "
  Yucca Valley, (1), (1), (1), (1), (1), (1), (1), (1), (1), (1)
  Incorporated," 595,000 "," 612,800 "," 631,200 "," 648,900 "," 674,900 "," 709,500 "," 749,100 "," 845,600 "," 978,200 "," 1,073,100 "
  Unincorporated," 322,600 "," 336,900 "," 347,700 "," 359,000 "," 369,600 "," 384,900 "," 406,400 "," 383,800 "," 332,800 "," 323,500 "
,,,,,,,,,,
SAN DIEGO ," 1,902,700 "," 1,940,500 "," 1,982,000 "," 2,033,600 "," 2,080,300 "," 2,148,900 "," 2,223,600 "," 2,300,800 "," 2,388,700 "," 2,480,100 "
  Carlsbad," 35,650 "," 37,450 "," 38,600 "," 39,650 "," 43,300 "," 47,350 "," 53,400 "," 58,300 "," 61,300 "," 62,800 "
  Chula Vista," 84,600 "," 87,000 "," 88,800 "," 90,100 "," 91,400 "," 117,400 "," 121,600 "," 126,000 "," 130,100 "," 134,200 "
  Coronado," 18,800 "," 20,500 "," 20,450 "," 20,300 "," 20,550 "," 20,350 "," 25,700 "," 24,850 "," 26,000 "," 28,500 "
  Del Mar," 5,050 "," 4,910 "," 4,940 "," 4,990 "," 4,960 "," 4,840 "," 4,760 "," 4,810 "," 4,780 "," 4,830 "
  El Cajon," 75,400 "," 77,600 "," 78,900 "," 80,300 "," 81,700 "," 82,500 "," 84,300 "," 85,900 "," 87,800 "," 88,300 "
  Encinitas, (1), (1), (1), (1), (1), (1)," 50,500 "," 51,700 "," 52,900 "," 54,900 "
  Escondido," 66,000 "," 70,500 "," 72,500 "," 74,400 "," 76,100 "," 79,900 "," 87,400 "," 95,600 "," 101,600 "," 107,400 "
  Imperial Beach," 22,900 "," 23,400 "," 23,350 "," 23,700 "," 24,150 "," 24,450 "," 24,800 "," 25,350 "," 25,650 "," 26,300 "
  La Mesa," 50,500 "," 51,500 "," 52,600 "," 52,900 "," 52,600 "," 51,900 "," 51,100 "," 51,200 "," 51,700 "," 52,700 "
  Lemon Grove," 20,850 "," 21,550 "," 21,900 "," 22,400 "," 22,200 "," 22,200 "," 22,950 "," 22,900 "," 23,150 "," 23,800 "
  National City," 52,400 "," 53,800 "," 52,700 "," 53,500 "," 50,500 "," 53,800 "," 53,300 "," 53,200 "," 54,100 "," 54,100 "
  Oceanside," 78,700 "," 82,500 "," 84,900 "," 88,200 "," 92,800 "," 97,300 "," 102,100 "," 107,800 "," 117,600 "," 126,100 "
  Poway," 33,550 "," 33,900 "," 34,650 "," 35,400 "," 36,050 "," 37,300 "," 38,500 "," 40,150 "," 41,800 "," 43,000 "
  San Diego," 886,100 "," 900,400 "," 923,500 "," 950,200 "," 970,100 "," 995,900 "," 1,019,400 "," 1,044,100 "," 1,073,200 "," 1,102,900 "
  San Marcos," 17,950 "," 18,600 "," 19,300 "," 19,750 "," 20,650 "," 21,400 "," 23,600 "," 26,550 "," 34,150 "," 37,900 "
  Santee," 40,400 "," 42,650 "," 44,450 "," 45,450 "," 47,850 "," 48,900 "," 49,900 "," 50,900 "," 51,300 "," 52,600 "
  Solana Beach, (1), (1), (1), (1), (1), (1)," 13,100 "," 13,000 "," 13,050 "," 12,950 "
  Vista," 37,650 "," 39,550 "," 41,250 "," 42,550 "," 45,250 "," 48,100 "," 52,200 "," 58,500 "," 64,200 "," 70,700 "
  Incorporated," 1,526,600 "," 1,565,700 "," 1,602,900 "," 1,643,700 "," 1,680,200 "," 1,753,500 "," 1,878,500 "," 1,940,700 "," 2,014,400 "," 2,084,000 "
  Unincorporated," 376,100 "," 374,800 "," 379,100 "," 389,900 "," 400,200 "," 395,400 "," 345,100 "," 360,100 "," 374,300 "," 396,100 "
,,,,,,,,,,
SAN FRANCISCO," 684,000 "," 691,200 "," 699,800 "," 708,700 "," 720,400 "," 732,900 "," 736,700 "," 733,300 "," 727,500 "," 724,100 "
  San Francisco," 684,000 "," 691,200 "," 699,800 "," 708,700 "," 720,400 "," 732,900 "," 736,700 "," 733,300 "," 727,500 "," 724,100 "
  Incorporated," 684,000 "," 691,200 "," 699,800 "," 708,700 "," 720,400 "," 732,900 "," 736,700 "," 733,300 "," 727,500 "," 724,100 "
,,,,,,,,,,
SAN JOAQUIN," 356,200 "," 368,300 "," 380,600 "," 393,300 "," 408,600 "," 425,400 "," 441,600 "," 454,800 "," 466,300 "," 477,700 "
  Escalon," 3,240 "," 3,320 "," 3,390 "," 3,480 "," 3,490 "," 3,660 "," 3,810 "," 4,120 "," 4,220 "," 4,370 "
  Lathrop, (1), (1), (1), (1), (1), (1), (1), (1), (1)," 6,775 "
  Lodi," 35,650 "," 37,000 "," 38,350 "," 40,050 "," 41,200 "," 43,850 "," 46,750 "," 49,000 "," 50,400 "," 51,900 "
  Manteca," 25,650 "," 26,900 "," 27,550 "," 28,950 "," 31,700 "," 34,500 "," 36,500 "," 37,450 "," 39,200 "," 40,600 "
  Ripon," 3,730 "," 3,890 "," 3,960 "," 4,360 "," 4,800 "," 5,575 "," 6,100 "," 6,675 "," 7,075 "," 7,425 "
  Stockton," 153,900 "," 160,900 "," 167,900 "," 173,300 "," 182,600 "," 188,500 "," 193,700 "," 199,600 "," 204,400 "," 209,700 "
  Tracy," 19,250 "," 19,950 "," 20,500 "," 21,600 "," 23,150 "," 24,750 "," 26,450 "," 28,050 "," 29,000 "," 32,450 "
  Incorporated," 241,500 "," 251,900 "," 261,600 "," 271,700 "," 287,000 "," 300,800 "," 313,300 "," 324,900 "," 334,300 "," 353,200 "
  Unincorporated," 114,700 "," 116,400 "," 119,000 "," 121,600 "," 121,600 "," 124,600 "," 128,300 "," 129,900 "," 132,000 "," 124,500 "
,,,,,,,,,,
SAN LUIS OBISPO," 159,200 "," 164,000 "," 168,300 "," 173,500 "," 179,900 "," 187,800 "," 193,900 "," 198,900 "," 205,800 "," 215,000 "
  Arroyo Grande," 11,650 "," 11,850 "," 12,000 "," 12,500 "," 12,850 "," 12,850 "," 12,900 "," 13,000 "," 13,250 "," 14,200 "
  Atascadero," 16,550 "," 17,150 "," 17,650 "," 18,100 "," 18,900 "," 19,700 "," 20,750 "," 21,650 "," 22,150 "," 22,900 "
  El Paso De Robles," 9,825 "," 10,750 "," 11,200 "," 12,150 "," 13,100 "," 14,400 "," 15,550 "," 16,200 "," 17,200 "," 18,350 "
  Grover City," 8,950 "," 9,075 "," 9,300 "," 9,750 "," 9,975 "," 10,250 "," 10,750 "," 10,950 "," 11,400 "," 11,700 "
  Morro Bay," 9,150 "," 9,150 "," 9,300 "," 9,400 "," 9,400 "," 9,450 "," 9,325 "," 9,350 "," 9,425 "," 9,625 "
  Pismo Beach," 5,350 "," 5,375 "," 5,600 "," 5,675 "," 5,750 "," 6,225 "," 6,575 "," 6,850 "," 7,275 "," 7,575 "
  San Luis Obispo," 34,700 "," 35,200 "," 35,800 "," 36,500 "," 37,100 "," 38,100 "," 38,500 "," 39,450 "," 40,600 "," 41,650 "
  Incorporated," 96,200 "," 98,600 "," 100,800 "," 104,100 "," 107,100 "," 111,000 "," 114,300 "," 117,500 "," 121,300 "," 126,000 "
  Unincorporated," 63,100 "," 65,400 "," 67,500 "," 69,400 "," 72,800 "," 76,800 "," 79,600 "," 81,400 "," 84,500 "," 89,000 "
,,,,,,,,,,
SAN MATEO," 589,600 "," 592,900 "," 599,600 "," 607,900 "," 614,400 "," 618,600 "," 622,600 "," 629,800 "," 638,300 "," 647,400 "
  Atherton," 7,775 "," 7,650 "," 7,650 "," 7,600 "," 7,525 "," 7,450 "," 7,350 "," 7,375 "," 7,250 "," 7,175 "
  Belmont," 24,400 "," 24,300 "," 24,350 "," 24,450 "," 24,400 "," 24,400 "," 24,300 "," 24,100 "," 24,050 "," 24,100 "
  Brisbane," 2,960 "," 2,990 "," 2,980 "," 2,980 "," 2,990 "," 2,980 "," 2,940 "," 2,900 "," 2,910 "," 2,920 "
  Burlingame," 26,150 "," 26,200 "," 26,500 "," 26,550 "," 26,750 "," 26,700 "," 26,650 "," 26,650 "," 26,650 "," 26,750 "
  Colma, 420 , 530 , 840 , 860 , 900 , 930 , 960 , 980 ," 1,030 "," 1,090 "
  Daly City," 79,100 "," 80,100 "," 81,600 "," 82,900 "," 84,500 "," 85,600 "," 86,600 "," 88,900 "," 90,200 "," 91,800 "
  East Palo Alto, (1), (1), (1)," 20,400 "," 21,000 "," 21,500 "," 21,950 "," 22,300 "," 22,800 "," 23,350 "
  Foster City," 23,300 "," 23,550 "," 23,650 "," 23,800 "," 23,700 "," 25,400 "," 26,250 "," 27,550 "," 28,100 "," 28,150 "
  Half Moon Bay," 7,275 "," 7,225 "," 7,275 "," 7,325 "," 7,500 "," 7,550 "," 7,725 "," 7,850 "," 8,300 "," 8,775 "
  Hillsborough," 10,500 "," 10,550 "," 10,600 "," 10,600 "," 10,700 "," 10,650 "," 10,600 "," 10,600 "," 10,650 "," 10,700 "
  Menlo Park," 26,300 "," 26,300 "," 26,450 "," 26,550 "," 27,700 "," 27,800 "," 27,500 "," 27,450 "," 27,800 "," 28,050 "
  Millbrae," 20,050 "," 20,050 "," 20,150 "," 20,200 "," 20,150 "," 20,150 "," 20,200 "," 20,250 "," 20,200 "," 20,450 "
  Pacifica," 36,700 "," 36,550 "," 36,650 "," 36,650 "," 36,700 "," 36,850 "," 36,600 "," 36,500 "," 37,000 "," 37,500 "
  Portola Valley," 3,960 "," 4,000 "," 3,990 "," 4,020 "," 4,020 "," 4,070 "," 4,150 "," 4,170 "," 4,220 "," 4,210 "
  Redwood City," 55,300 "," 55,700 "," 57,000 "," 57,800 "," 59,000 "," 59,800 "," 61,300 "," 62,200 "," 63,700 "," 65,600 "
  San Bruno," 35,500 "," 35,400 "," 35,700 "," 35,800 "," 36,200 "," 36,350 "," 36,500 "," 37,950 "," 38,200 "," 38,900 "
  San Carlos," 24,850 "," 25,050 "," 25,250 "," 25,300 "," 25,450 "," 25,550 "," 25,450 "," 25,550 "," 25,700 "," 26,100 "
  San Mateo," 77,900 "," 78,300 "," 79,800 "," 81,400 "," 82,600 "," 82,600 "," 83,200 "," 83,100 "," 84,700 "," 85,200 "
  South San Francisco," 50,200 "," 51,000 "," 51,200 "," 52,100 "," 52,800 "," 52,700 "," 52,700 "," 52,800 "," 53,400 "," 54,000 "
  Woodside," 5,275 "," 5,225 "," 5,175 "," 5,150 "," 5,125 "," 5,100 "," 5,075 "," 5,050 "," 5,050 "," 5,050 "
  Incorporated," 517,800 "," 520,700 "," 526,800 "," 552,400 "," 559,700 "," 564,100 "," 567,900 "," 574,200 "," 582,000 "," 589,900 "
  Unincorporated," 71,800 "," 72,100 "," 72,800 "," 55,500 "," 54,700 "," 54,400 "," 54,700 "," 55,600 "," 56,400 "," 57,500 "
,,,,,,,,,,
SANTA BARBARA," 303,200 "," 309,900 "," 318,000 "," 326,200 "," 333,900 "," 341,900 "," 348,300 "," 353,000 "," 359,800 "," 368,000 "
  Carpinteria," 11,000 "," 11,150 "," 11,300 "," 11,550 "," 11,750 "," 12,050 "," 12,350 "," 13,300 "," 13,450 "," 13,700 "
  Guadalupe," 3,740 "," 3,840 "," 4,070 "," 4,230 "," 4,310 "," 4,620 "," 5,200 "," 5,275 "," 5,475 "," 5,475 "
  Lompoc," 26,750 "," 28,200 "," 29,300 "," 30,000 "," 30,500 "," 32,200 "," 33,350 "," 34,650 "," 35,850 "," 37,100 "
  Santa Barbara," 75,200 "," 76,000 "," 77,900 "," 79,400 "," 80,500 "," 81,400 "," 81,800 "," 82,100 "," 83,600 "," 85,200 "
  Santa Maria," 41,050 "," 43,000 "," 45,300 "," 48,250 "," 51,200 "," 53,100 "," 55,400 "," 56,800 "," 58,500 "," 60,800 "
  Solvang, (1), (1), (1), (1), (1)," 3,870 "," 4,150 "," 4,340 "," 4,440 "," 4,760 "
  Incorporated," 157,700 "," 162,200 "," 167,900 "," 173,500 "," 178,200 "," 187,300 "," 192,300 "," 196,500 "," 201,200 "," 207,000 "
  Unincorporated," 145,400 "," 147,700 "," 150,100 "," 152,700 "," 155,600 "," 154,600 "," 156,000 "," 156,500 "," 158,600 "," 161,000 "
,,,,,,,,,,
SANTA CLARA," 1,311,600 "," 1,332,300 "," 1,355,500 "," 1,379,100 "," 1,400,300 "," 1,415,300 "," 1,427,000 "," 1,445,100 "," 1,471,100 "," 1,493,800 "
  Campbell," 31,150 "," 32,300 "," 33,300 "," 33,550 "," 34,250 "," 34,500 "," 34,100 "," 34,600 "," 35,450 "," 35,850 "
  Cupertino," 37,350 "," 37,400 "," 37,750 "," 37,850 "," 38,000 "," 38,350 "," 38,350 "," 38,350 "," 39,450 "," 40,300 "
  Gilroy," 22,400 "," 23,400 "," 24,800 "," 26,050 "," 27,000 "," 27,650 "," 28,450 "," 29,800 "," 30,950 "," 31,500 "
  Los Altos," 26,100 "," 25,900 "," 26,500 "," 27,200 "," 26,950 "," 26,700 "," 26,250 "," 26,300 "," 26,250 "," 26,350 "
  Los Altos Hills," 7,450 "," 7,475 "," 7,450 "," 7,500 "," 7,525 "," 7,525 "," 7,400 "," 7,400 "," 7,450 "," 7,525 "
  Los Gatos," 27,100 "," 27,150 "," 27,200 "," 27,400 "," 27,500 "," 27,550 "," 27,300 "," 27,250 "," 27,500 "," 27,350 "
  Milpitas," 38,700 "," 39,850 "," 41,100 "," 42,150 "," 43,250 "," 44,600 "," 45,500 "," 46,800 "," 48,700 "," 50,600 "
  Monte Sereno," 3,440 "," 3,400 "," 3,400 "," 3,410 "," 3,390 "," 3,350 "," 3,270 "," 3,300 "," 3,290 "," 3,290 "
  Morgan Hill," 17,600 "," 18,050 "," 18,250 "," 18,550 "," 19,200 "," 19,950 "," 20,500 "," 21,400 "," 22,750 "," 23,950 "
  Mountain View," 59,600 "," 60,800 "," 61,800 "," 62,800 "," 63,200 "," 63,400 "," 63,800 "," 64,500 "," 65,900 "," 67,500 "
  Palo Alto," 55,000 "," 55,200 "," 55,700 "," 55,800 "," 56,100 "," 56,000 "," 55,800 "," 55,700 "," 56,200 "," 56,400 "
  San Jose," 648,800 "," 667,500 "," 680,900 "," 696,700 "," 713,600 "," 726,600 "," 738,300 "," 749,900 "," 765,300 "," 778,500 "
  Santa Clara," 87,500 "," 87,600 "," 88,700 "," 89,700 "," 90,000 "," 90,000 "," 89,800 "," 91,100 "," 92,100 "," 93,300 "
  Saratoga," 29,000 "," 29,500 "," 29,300 "," 29,000 "," 28,600 "," 28,200 "," 28,100 "," 28,000 "," 28,050 "," 28,200 "
  Sunnyvale," 106,900 "," 107,500 "," 108,800 "," 111,700 "," 112,400 "," 113,800 "," 115,000 "," 116,100 "," 116,900 "," 117,400 "
  Incorporated," 1,198,100 "," 1,222,900 "," 1,245,000 "," 1,269,500 "," 1,290,900 "," 1,308,100 "," 1,321,900 "," 1,340,600 "," 1,366,200 "," 1,388,000 "
  Unincorporated," 113,500 "," 109,400 "," 110,500 "," 109,600 "," 109,400 "," 107,200 "," 105,100 "," 104,500 "," 104,800 "," 105,800 "
,,,,,,,,,,
SANTA CRUZ ," 191,000 "," 194,600 "," 198,200 "," 201,700 "," 206,000 "," 210,700 "," 215,400 "," 219,200 "," 224,500 "," 228,700 "
  Capitola," 9,175 "," 9,200 "," 9,325 "," 9,400 "," 9,425 "," 9,650 "," 9,700 "," 9,825 "," 9,900 "," 10,000 "
  Santa Cruz," 42,050 "," 42,250 "," 42,700 "," 42,900 "," 43,500 "," 44,150 "," 45,150 "," 46,400 "," 47,850 "," 48,800 "
  Scotts Valley," 7,025 "," 7,075 "," 7,075 "," 7,075 "," 7,100 "," 7,300 "," 7,300 "," 7,775 "," 8,300 "," 8,550 "
  Watsonville," 23,950 "," 24,200 "," 24,800 "," 25,250 "," 26,200 "," 27,350 "," 28,450 "," 29,300 "," 30,300 "," 30,850 "
  Incorporated," 82,200 "," 82,700 "," 83,900 "," 84,700 "," 86,300 "," 88,400 "," 90,600 "," 93,300 "," 96,300 "," 98,200 "
  Unincorporated," 108,800 "," 111,800 "," 114,300 "," 117,100 "," 119,800 "," 122,200 "," 124,800 "," 125,900 "," 128,200 "," 130,500 "
,,,,,,,,,,
SHASTA," 118,600 "," 121,100 "," 122,500 "," 124,500 "," 127,500 "," 130,200 "," 132,700 "," 136,200 "," 140,100 "," 145,300 "
  Anderson," 7,250 "," 7,200 "," 7,275 "," 7,400 "," 7,525 "," 7,625 "," 7,850 "," 8,025 "," 8,075 "," 8,375 "
  Redding," 42,450 "," 44,300 "," 45,850 "," 47,700 "," 49,300 "," 51,500 "," 53,800 "," 56,800 "," 60,500 "," 64,600 "
  Incorporated," 49,750 "," 51,500 "," 53,100 "," 55,100 "," 56,800 "," 59,100 "," 61,700 "," 64,800 "," 68,600 "," 72,900 "
  Unincorporated," 68,800 "," 69,600 "," 69,400 "," 69,400 "," 70,700 "," 71,100 "," 71,000 "," 71,400 "," 71,500 "," 72,400 "
,,,,,,,,,,
SIERRA," 3,080 "," 3,150 "," 3,250 "," 3,240 "," 3,230 "," 3,210 "," 3,160 "," 3,230 "," 3,230 "," 3,280 "
  Loyalton," 1,040 "," 1,060 "," 1,060 "," 1,030 "," 1,010 "," 1,000 ", 980 , 970 , 920 , 920 
  Incorporated," 1,040 "," 1,060 "," 1,060 "," 1,030 "," 1,010 "," 1,000 ", 980 , 970 , 920 , 920 
  Unincorporated," 2,040 "," 2,090 "," 2,190 "," 2,210 "," 2,220 "," 2,200 "," 2,190 "," 2,260 "," 2,300 "," 2,360 "
,,,,,,,,,,
SISKIYOU," 40,350 "," 41,000 "," 41,250 "," 41,150 "," 41,350 "," 41,300 "," 41,200 "," 41,650 "," 42,400 "," 43,300 "
  Dorris, 820 , 860 , 860 , 830 , 860 , 930 , 890 , 900 , 900 , 890 
  Dunsmuir," 2,220 "," 2,170 "," 2,070 "," 2,110 "," 2,090 "," 2,050 "," 2,080 "," 2,100 "," 2,100 "," 2,130 "
  Etna, 760 , 760 , 760 , 790 , 820 , 790 , 810 , 810 , 820 , 830 
  Fort Jones, 530 , 540 , 530 , 550 , 610 , 570 , 590 , 620 , 630 , 630 
  Montague," 1,320 "," 1,360 "," 1,370 "," 1,350 "," 1,380 "," 1,400 "," 1,460 "," 1,440 "," 1,440 "," 1,430 "
  Mount Shasta," 2,800 "," 2,820 "," 2,800 "," 2,780 "," 2,770 "," 2,980 "," 3,140 "," 3,240 "," 3,310 "," 3,470 "
  Tulelake, 810 , 830 , 860 , 910 , 970 , 970 , 950 , 980 , 990 ," 1,010 "
  Weed," 2,830 "," 2,800 "," 2,970 "," 2,990 "," 2,900 "," 2,930 "," 2,930 "," 2,990 "," 3,030 "," 3,050 "
  Yreka," 6,050 "," 6,300 "," 6,550 "," 6,600 "," 6,575 "," 6,525 "," 6,450 "," 6,525 "," 6,625 "," 6,925 "
  Incorporated," 18,150 "," 18,450 "," 18,800 "," 18,900 "," 18,950 "," 19,150 "," 19,300 "," 19,600 "," 19,850 "," 20,350 "
  Unincorporated," 22,200 "," 22,500 "," 22,450 "," 22,250 "," 22,400 "," 22,150 "," 21,950 "," 22,050 "," 22,550 "," 22,950 "
,,,,,,,,,,
SOLANO ," 241,900 "," 250,700 "," 258,500 "," 263,800 "," 269,400 "," 278,500 "," 291,500 "," 304,500 "," 318,000 "," 335,200 "
  Benicia," 16,300 "," 17,350 "," 18,100 "," 18,850 "," 20,350 "," 20,600 "," 21,250 "," 22,450 "," 23,350 "," 24,150 "
  Dixon," 7,950 "," 8,225 "," 8,775 "," 8,925 "," 9,250 "," 9,775 "," 10,000 "," 10,150 "," 10,150 "," 10,250 "
  Fairfield," 58,800 "," 60,600 "," 62,300 "," 63,200 "," 63,700 "," 65,500 "," 67,800 "," 70,400 "," 72,300 "," 76,300 "
  Rio Vista," 3,170 "," 3,190 "," 3,300 "," 3,280 "," 3,360 "," 3,330 "," 3,260 "," 3,290 "," 3,300 "," 3,340 "
  Suisun City," 11,850 "," 12,450 "," 13,100 "," 13,950 "," 14,350 "," 15,850 "," 17,150 "," 18,450 "," 20,200 "," 22,200 "
  Vacaville," 44,550 "," 46,450 "," 47,450 "," 48,500 "," 49,900 "," 52,800 "," 58,700 "," 61,000 "," 63,900 "," 69,700 "
  Vallejo," 82,500 "," 85,200 "," 87,600 "," 89,100 "," 90,100 "," 91,600 "," 94,300 "," 99,000 "," 104,300 "," 107,900 "
  Incorporated," 225,200 "," 233,500 "," 240,600 "," 245,700 "," 251,000 "," 259,400 "," 272,500 "," 284,800 "," 297,500 "," 313,900 "
  Unincorporated," 16,700 "," 17,150 "," 17,800 "," 18,050 "," 18,450 "," 19,150 "," 19,100 "," 19,750 "," 20,550 "," 21,350 "
,,,,,,,,,,
SONOMA," 305,100 "," 311,500 "," 317,800 "," 323,100 "," 329,700 "," 338,800 "," 348,500 "," 359,600 "," 371,300 "," 384,700 "
  Cloverdale," 4,140 "," 4,220 "," 4,260 "," 4,250 "," 4,350 "," 4,390 "," 4,450 "," 4,510 "," 4,600 "," 4,890 "
  Cotati," 3,420 "," 3,780 "," 3,930 "," 3,970 "," 4,030 "," 4,270 "," 4,410 "," 4,710 "," 5,050 "," 5,625 "
  Healdsburg," 7,300 "," 7,625 "," 7,725 "," 7,850 "," 8,075 "," 8,425 "," 8,650 "," 8,925 "," 9,275 "," 9,475 "
  Petaluma," 34,750 "," 35,050 "," 35,800 "," 36,400 "," 37,200 "," 38,250 "," 39,000 "," 39,850 "," 41,350 "," 42,800 "
  Rohnert Park," 23,900 "," 25,400 "," 26,300 "," 27,450 "," 28,700 "," 30,300 "," 32,450 "," 33,000 "," 34,050 "," 36,000 "
  Santa Rosa," 84,400 "," 86,300 "," 88,000 "," 90,800 "," 93,700 "," 96,600 "," 101,800 "," 106,900 "," 110,200 "," 112,200 "
  Sebastopol," 5,725 "," 5,825 "," 6,025 "," 6,100 "," 6,200 "," 6,350 "," 6,475 "," 6,550 "," 6,650 "," 6,950 "
  Sonoma," 6,175 "," 6,450 "," 6,625 "," 6,725 "," 6,700 "," 6,875 "," 7,025 "," 7,275 "," 7,600 "," 8,025 "
  Incorporated," 169,800 "," 174,700 "," 178,600 "," 183,600 "," 188,900 "," 195,500 "," 204,200 "," 211,700 "," 218,800 "," 225,900 "
  Unincorporated," 135,200 "," 136,700 "," 139,100 "," 139,600 "," 140,800 "," 143,300 "," 144,300 "," 147,900 "," 152,500 "," 158,700 "
,,,,,,,,,,
STANISLAUS," 271,700 "," 278,400 "," 285,200 "," 291,800 "," 298,400 "," 307,300 "," 318,900 "," 331,700 "," 346,400 "," 365,100 "
  Ceres," 14,250 "," 14,900 "," 16,250 "," 16,550 "," 17,250 "," 17,750 "," 18,550 "," 19,300 "," 22,950 "," 25,850 "
  Hughson," 2,940 "," 2,930 "," 2,930 "," 2,970 "," 3,020 "," 3,030 "," 3,060 "," 3,060 "," 3,110 "," 3,220 "
  Modesto," 110,300 "," 116,300 "," 119,300 "," 124,400 "," 128,200 "," 133,100 "," 140,100 "," 146,100 "," 154,000 "," 162,100 "
  Newman," 2,890 "," 3,130 "," 3,320 "," 3,390 "," 3,410 "," 3,410 "," 3,430 "," 3,440 "," 3,520 "," 3,960 "
  Oakdale," 8,700 "," 8,950 "," 9,150 "," 9,275 "," 9,825 "," 10,150 "," 10,450 "," 11,100 "," 11,400 "," 11,800 "
  Patterson," 4,150 "," 4,390 "," 4,370 "," 4,570 "," 4,690 "," 4,860 "," 5,525 "," 6,550 "," 7,425 "," 8,450 "
  Riverbank," 5,825 "," 5,950 "," 6,125 "," 6,150 "," 6,475 "," 6,850 "," 7,000 "," 7,475 "," 7,900 "," 8,425 "
  Turlock," 27,800 "," 28,650 "," 30,050 "," 31,500 "," 32,050 "," 33,050 "," 34,450 "," 36,950 "," 39,550 "," 41,750 "
  Waterford," 2,820 "," 2,960 "," 3,080 "," 3,160 "," 3,200 "," 3,450 "," 3,690 "," 3,840 "," 4,010 "," 4,570 "
  Incorporated," 179,700 "," 188,100 "," 194,500 "," 202,000 "," 208,100 "," 215,600 "," 226,300 "," 237,800 "," 253,900 "," 270,200 "
  Unincorporated," 92,000 "," 90,300 "," 90,600 "," 89,900 "," 90,300 "," 91,700 "," 92,600 "," 93,900 "," 92,500 "," 94,900 "
,,,,,,,,,,
SUTTER ," 53,200 "," 54,600 "," 56,100 "," 56,900 "," 57,300 "," 58,200 "," 59,200 "," 60,600 "," 61,800 "," 63,700 "
  Live Oak," 3,140 "," 3,430 "," 3,750 "," 3,800 "," 3,750 "," 3,770 "," 3,860 "," 3,980 "," 4,090 "," 4,280 "
  Yuba City," 19,300 "," 20,050 "," 20,500 "," 20,950 "," 21,450 "," 21,850 "," 22,750 "," 23,750 "," 26,000 "," 27,000 "
  Incorporated," 22,450 "," 23,500 "," 24,250 "," 24,750 "," 25,200 "," 25,650 "," 26,650 "," 27,700 "," 30,100 "," 31,250 "
  Unincorporated," 30,800 "," 31,100 "," 31,850 "," 32,100 "," 32,150 "," 32,550 "," 32,600 "," 32,850 "," 31,700 "," 32,450 "
,,,,,,,,,,
TEHAMA," 39,650 "," 40,700 "," 41,700 "," 42,550 "," 43,550 "," 44,350 "," 45,150 "," 46,300 "," 47,450 "," 49,100 "
  Corning," 4,850 "," 4,870 "," 5,025 "," 5,100 "," 5,100 "," 5,350 "," 5,475 "," 5,500 "," 5,625 "," 5,800 "
  Red Bluff," 9,700 "," 10,050 "," 10,400 "," 10,650 "," 10,950 "," 11,000 "," 11,450 "," 11,700 "," 11,950 "," 12,300 "
  Tehama, 380 , 370 , 380 , 380 , 380 , 380 , 380 , 380 , 400 , 400 
  Incorporated," 14,900 "," 15,300 "," 15,800 "," 16,150 "," 16,450 "," 16,750 "," 17,300 "," 17,600 "," 18,000 "," 18,500 "
  Unincorporated," 24,700 "," 25,400 "," 25,900 "," 26,400 "," 27,100 "," 27,600 "," 27,850 "," 28,700 "," 29,450 "," 30,600 "
,,,,,,,,,,
TRINITY," 12,150 "," 12,300 "," 12,350 "," 12,500 "," 12,700 "," 12,750 "," 12,600 "," 12,700 "," 13,000 "," 13,050 "
  Unincorporated," 12,150 "," 12,300 "," 12,350 "," 12,500 "," 12,700 "," 12,750 "," 12,600 "," 12,700 "," 13,000 "," 13,050 "
,,,,,,,,,,
TULARE ," 250,800 "," 257,200 "," 264,000 "," 270,900 "," 277,300 "," 283,700 "," 289,700 "," 296,000 "," 301,700 "," 309,200 "
  Dinuba," 10,200 "," 10,400 "," 10,650 "," 10,750 "," 11,000 "," 11,300 "," 11,550 "," 12,000 "," 12,300 "," 12,700 "
  Exeter," 5,650 "," 5,825 "," 5,925 "," 6,000 "," 6,325 "," 6,375 "," 6,625 "," 6,825 "," 7,250 "," 7,275 "
  Farmersville," 5,650 "," 5,775 "," 5,925 "," 6,075 "," 6,200 "," 6,200 "," 6,200 "," 6,125 "," 6,150 "," 6,225 "
  Lindsay," 7,050 "," 7,350 "," 7,450 "," 7,500 "," 7,675 "," 7,875 "," 7,850 "," 7,850 "," 8,050 "," 8,325 "
  Porterville," 21,450 "," 21,900 "," 22,750 "," 23,450 "," 24,250 "," 24,800 "," 25,050 "," 25,500 "," 27,450 "," 29,300 "
  Tulare," 23,050 "," 24,000 "," 24,850 "," 25,800 "," 26,850 "," 27,350 "," 28,150 "," 28,900 "," 30,600 "," 33,050 "
  Visalia," 52,700 "," 54,000 "," 55,500 "," 57,800 "," 60,200 "," 62,400 "," 64,400 "," 66,800 "," 70,500 "," 74,000 "
  Woodlake," 4,420 "," 4,570 "," 4,690 "," 4,740 "," 4,870 "," 5,125 "," 5,300 "," 5,400 "," 5,450 "," 5,675 "
  Incorporated," 130,200 "," 133,700 "," 137,800 "," 142,100 "," 147,400 "," 151,400 "," 155,200 "," 159,300 "," 167,800 "," 176,600 "
  Unincorporated," 120,600 "," 123,400 "," 126,200 "," 128,700 "," 129,800 "," 132,300 "," 134,600 "," 136,700 "," 133,800 "," 132,600 "
,,,,,,,,,,
TUOLUMNE ," 34,800 "," 35,850 "," 37,000 "," 37,800 "," 38,950 "," 41,100 "," 42,400 "," 44,200 "," 46,050 "," 48,000 "
  Sonora," 3,370 "," 3,340 "," 3,830 "," 3,860 "," 3,850 "," 3,780 "," 3,800 "," 3,910 "," 4,100 "," 4,200 "
  Incorporated," 3,370 "," 3,340 "," 3,830 "," 3,860 "," 3,850 "," 3,780 "," 3,800 "," 3,910 "," 4,100 "," 4,200 "
  Unincorporated," 31,450 "," 32,550 "," 33,150 "," 33,950 "," 35,100 "," 37,300 "," 38,600 "," 40,250 "," 41,950 "," 43,750 "
,,,,,,,,,,
VENTURA ," 538,400 "," 552,200 "," 566,000 "," 578,700 "," 590,700 "," 604,300 "," 618,800 "," 635,900 "," 653,500 "," 666,800 "
  Camarillo," 39,100 "," 39,950 "," 41,650 "," 43,550 "," 45,000 "," 46,100 "," 47,100 "," 48,650 "," 50,200 "," 52,100 "
  Fillmore," 9,725 "," 9,900 "," 10,200 "," 10,450 "," 10,550 "," 11,000 "," 11,250 "," 11,350 "," 11,700 "," 11,950 "
  Moorpark, (1), (1), (1)," 11,550 "," 13,600 "," 15,250 "," 17,000 "," 21,950 "," 24,250 "," 25,250 "
  Ojai," 6,975 "," 7,100 "," 7,250 "," 7,350 "," 7,450 "," 7,475 "," 7,475 "," 7,575 "," 7,625 "," 7,650 "
  Oxnard," 111,700 "," 115,300 "," 122,700 "," 124,700 "," 126,900 "," 129,200 "," 131,400 "," 134,400 "," 137,700 "," 140,400 "
  Port Hueneme," 17,800 "," 18,300 "," 18,750 "," 19,650 "," 19,900 "," 19,750 "," 19,650 "," 19,850 "," 19,850 "," 20,250 "
  San Buenaventura," 77,500 "," 79,200 "," 82,300 "," 83,700 "," 85,300 "," 86,700 "," 87,800 "," 89,000 "," 91,300 "," 92,600 "
  Santa Paula," 20,850 "," 21,500 "," 22,000 "," 22,550 "," 23,200 "," 23,750 "," 24,150 "," 24,600 "," 25,000 "," 25,050 "
  Simi Valley," 78,500 "," 80,400 "," 82,000 "," 83,500 "," 85,500 "," 88,500 "," 93,200 "," 96,100 "," 98,300 "," 99,600 "
  Thousand Oaks," 84,500 "," 89,500 "," 91,400 "," 92,800 "," 93,700 "," 96,100 "," 98,000 "," 100,300 "," 103,200 "," 104,800 "
  Incorporated," 446,600 "," 461,300 "," 478,300 "," 499,800 "," 511,100 "," 523,800 "," 537,000 "," 553,800 "," 569,200 "," 579,700 "
  Unincorporated," 91,800 "," 91,000 "," 87,800 "," 78,900 "," 79,600 "," 80,500 "," 81,800 "," 82,100 "," 84,300 "," 87,100 "
,,,,,,,,,,
YOLO," 114,500 "," 116,300 "," 118,200 "," 119,600 "," 122,200 "," 124,200 "," 126,400 "," 131,500 "," 135,100 "," 140,000 "
  Davis," 36,700 "," 37,700 "," 38,100 "," 38,900 "," 40,450 "," 40,650 "," 41,200 "," 42,500 "," 44,650 "," 45,850 "
  West Sacramento, (1), (1), (1), (1), (1), (1)," 28,200 "," 28,200 "," 27,950 "," 28,700 "
  Winters," 2,650 "," 2,670 "," 2,970 "," 3,090 "," 3,180 "," 3,340 "," 3,600 "," 3,730 "," 4,060 "," 4,540 "
  Woodland," 30,750 "," 31,050 "," 31,800 "," 32,600 "," 32,950 "," 34,050 "," 34,450 "," 36,100 "," 37,600 "," 39,500 "
  Incorporated," 70,100 "," 71,400 "," 72,900 "," 74,600 "," 76,600 "," 78,100 "," 107,500 "," 110,500 "," 114,300 "," 118,600 "
  Unincorporated," 44,400 "," 44,950 "," 45,350 "," 45,000 "," 45,600 "," 46,100 "," 18,950 "," 21,000 "," 20,750 "," 21,350 "
,,,,,,,,,,
YUBA ," 49,800 "," 50,700 "," 51,500 "," 52,000 "," 52,700 "," 53,300 "," 54,200 "," 55,300 "," 56,300 "," 57,700 "
  Marysville," 9,950 "," 10,100 "," 10,400 "," 10,500 "," 10,650 "," 11,000 "," 11,150 "," 11,400 "," 11,800 "," 12,200 "
  Wheatland," 1,530 "," 1,500 "," 1,520 "," 1,520 "," 1,540 "," 1,530 "," 1,570 "," 1,610 "," 1,630 "," 1,630 "
  Incorporated," 11,450 "," 11,600 "," 11,950 "," 12,000 "," 12,200 "," 12,550 "," 12,700 "," 13,000 "," 13,450 "," 13,850 "
  Unincorporated," 38,300 "," 39,050 "," 39,550 "," 40,000 "," 40,500 "," 40,800 "," 41,450 "," 42,300 "," 42,850 "," 43,900 "
,,,,,,,,,,
CALIFORNIA," 24,039,000 "," 24,547,000 "," 25,076,000 "," 25,587,000 "," 26,113,000 "," 26,742,000 "," 27,388,000 "," 28,061,000 "," 28,771,000 "," 29,558,000 "
  Incorporated," 18,325,000 "," 18,742,000 "," 19,228,000 "," 19,711,000 "," 20,222,000 "," 20,750,000 "," 21,345,000 "," 22,009,000 "," 22,734,000 "," 23,454,000 "
  Unincorporated," 5,714,000 "," 5,804,700 "," 5,847,600 "," 5,876,600 "," 5,890,600 "," 5,991,900 "," 6,043,100 "," 6,051,500 "," 6,037,600 "," 6,103,700 "
,,,,,,,,,,
Totals may not equal sum due to independent rounding.,,,,,,,,,,
(1) Unincorporated at this time.,,,,,,,,,,