Table 2:," Historical City, County, and State Population Estimates, 1991-2000, with 1990 and 2000 Census Counts",,,,,,,,,,,
,Official State Estimates,,,,,,,,,,,
,,,,,,,,,,,,
City,4/1/90,1/1/91,1/1/92,1/1/93,1/1/94,1/1/95,1/1/96,1/1/97,1/1/98,1/1/99,1/1/00,4/1/00
,,,,,,,,,,,,
California,,,,,,,,,,,,
Incorporated Total,"23,612,925","23,942,373","24,622,762","24,997,346","25,239,186","25,411,029","25,593,283","26,003,357","26,405,662","26,826,969","27,402,013","27,536,281"
Balance Of State Total,"6,145,288","6,201,182","6,100,236","6,153,440","6,179,754","6,206,741","6,244,116","6,204,512","6,252,215","6,313,802","6,319,570","6,336,805"
State Total,"29,758,213","30,143,555","30,722,998","31,150,786","31,418,940","31,617,770","31,837,399","32,207,869","32,657,877","33,140,771","33,721,583","33,873,086"
,,,,,,,,,,,,
Alameda,,,,,,,,,,,,
Alameda             ,"73,979","74,577","76,890","77,142","78,515","77,261","77,196","75,277","71,230","71,624","72,398","72,259"
Albany              ,"16,327","16,273","16,382","16,742","16,679","16,343","16,211","16,307","16,468","16,440","16,422","16,444"
Berkeley            ,"102,724","102,098","102,616","101,980","101,252","100,943","100,148","100,904","101,893","102,268","102,540","102,743"
Dublin              ,"23,229","23,099","24,384","24,493","24,501","24,277","23,829","23,928","24,506","25,045","28,540","30,023"
Emeryville          ,"5,740","5,815","5,917","6,007","6,190","6,157","6,147","6,196","6,632","6,824","6,836","6,882"
Fremont             ,"173,339","173,749","175,976","179,760","180,500","181,819","183,838","187,891","193,557","197,708","202,337","203,413"
Hayward             ,"111,343","116,033","119,862","123,002","124,768","126,020","127,306","130,247","133,533","135,687","139,124","140,030"
Livermore           ,"56,741","57,678","59,027","60,811","61,680","63,058","64,370","66,697","69,538","72,112","72,922","73,464"
Newark              ,"37,861","37,715","38,220","38,413","38,787","39,213","39,348","39,838","40,471","41,889","42,250","42,471"
Oakland             ,"372,242","375,382","376,131","377,678","378,644","378,748","380,014","384,623","391,893","394,882","398,247","399,566"
Piedmont            ,"10,602","10,589","10,676","10,734","10,701","10,767","10,708","10,791","10,922","10,918","10,931","10,952"
Pleasanton          ,"50,570","51,226","51,977","53,048","53,871","55,158","56,013","57,855","60,315","61,678","63,317","63,654"
San Leandro         ,"68,223","68,467","69,690","71,182","71,683","72,238","72,579","74,015","75,855","77,085","78,983","79,452"
Union City          ,"53,762","54,389","55,200","55,932","56,653","57,150","57,626","59,005","61,633","64,409","66,412","66,869"
Balance Of County    ,"120,020","117,692","119,761","121,203","123,102","123,879","125,176","127,756","130,554","133,746","135,877","135,717"
,,,,,,,,,,,,
Alpine,,,,,,,,,,,,
Balance Of County    ,"1,113","1,107","1,126","1,131","1,125","1,145","1,192","1,225","1,215","1,182","1,196","1,208"
,,,,,,,,,,,,
Amador,,,,,,,,,,,,
Amador              ,196,202,201,198,199,197,193,194,193,190,195,196
Ione                ,"6,516","7,127","7,102","7,185","7,166","7,123","7,226","7,283","7,048","7,248","7,151","7,129"
Jackson             ,"3,545","3,605","3,724","3,787","3,863","3,840","3,853","3,887","3,935","3,918","3,983","3,989"
Plymouth            ,811,827,855,864,890,885,899,918,935,943,976,980
Sutter Creek        ,"1,835","1,877","1,927","2,001","2,058","2,096","2,113","2,165","2,213","2,215","2,284","2,303"
Balance Of County    ,"17,136","17,411","18,099","18,500","18,868","19,152","19,319","19,702","19,971","19,919","20,401","20,503"
,,,,,,,,,,,,
Butte,,,,,,,,,,,,
Biggs               ,"1,581","1,640","1,650","1,643","1,642","1,678","1,679","1,717","1,722","1,790","1,792","1,793"
Chico               ,"39,970","41,210","44,082","45,973","47,185","49,178","50,395","53,598","56,472","58,520","60,199","60,516"
Gridley             ,"4,631","4,684","4,774","4,801","4,892","4,997","5,023","5,133","5,189","5,368","5,401","5,408"
Oroville            ,"11,885","12,144","12,173","12,255","12,386","12,507","12,717","12,796","12,855","12,993","12,990","13,004"
Paradise            ,"25,401","25,599","25,768","25,885","26,127","26,132","26,186","26,188","26,342","26,342","26,371","26,408"
Balance Of County    ,"98,652","100,116","100,686","101,201","101,835","101,902","101,611","99,264","97,437","96,009","95,905","96,042"
,,,,,,,,,,,,
Calaveras,,,,,,,,,,,,
Angels City,"2,582","2,644","2,731","2,734","2,775","2,824","2,827","2,870","2,909","2,918","2,991","3,004"
Balance Of County    ,"29,416","30,836","32,485","33,598","34,395","35,155","35,653","36,394","36,895","37,065","37,474","37,550"
,,,,,,,,,,,,
Colusa,,,,,,,,,,,,
Colusa              ,"4,934","4,968","5,026","5,053","5,141","5,195","5,238","5,352","5,407","5,375","5,386","5,402"
Williams            ,"2,297","2,434","2,702","2,910","3,095","3,235","3,310","3,383","3,445","3,525","3,646","3,670"
Balance Of County    ,"9,044","9,095","9,110","9,188","9,201","9,264","9,442","9,569","9,607","9,626","9,702","9,732"
,,,,,,,,,,,,
Contra Costa,,,,,,,,,,,,
Antioch             ,"62,195","64,157","66,914","70,185","73,291","75,805","77,925","80,662","83,550","86,408","90,091","90,532"
Brentwood           ,"7,563","7,965","8,512","9,227","9,888","11,015","12,528","13,795","16,108","19,064","22,003","23,302"
Clayton             ,"7,317","7,750","7,828","8,096","8,239","8,439","9,033","9,653","10,103","10,545","10,774","10,762"
Concord             ,"111,308","111,950","112,906","113,496","114,663","114,896","115,409","116,702","118,338","120,133","121,445","121,872"
Danville            ,"31,306","31,986","32,803","33,907","34,821","36,168","37,569","38,948","39,907","40,742","41,519","41,715"
El Cerrito          ,"22,869","22,799","22,694","22,905","22,940","22,886","22,803","22,871","22,992","23,125","23,167","23,171"
Hercules            ,"16,829","17,470","17,914","18,318","18,547","18,501","18,664","18,756","18,910","19,084","19,412","19,488"
Lafayette           ,"23,366","23,255","23,210","23,266","23,372","23,281","23,235","23,372","23,577","23,799","23,916","23,908"
Martinez            ,"31,810","31,776","31,888","34,186","34,536","34,436","34,358","34,637","35,086","35,460","35,824","35,866"
Moraga              ,"15,987","15,824","16,041","16,155","16,109","15,944","15,865","15,890","15,943","16,076","16,307","16,290"
Oakley,*,*,*,*,*,*,*,*,*,*,"25,622","25,619"
Orinda              ,"16,642","16,550","16,728","16,857","16,894","16,901","16,926","17,064","17,255","17,461","17,590","17,599"
Pinole              ,"17,460","17,855","17,970","18,023","18,172","18,252","18,283","18,486","18,689","18,894","19,027","19,039"
Pittsburg           ,"47,607","48,507","49,347","50,275","50,815","51,337","51,544","52,473","53,743","54,826","56,513","56,769"
Pleasant Hill       ,"31,583","31,305","31,298","31,327","31,430","31,263","31,188","31,308","32,169","32,532","32,802","32,837"
Richmond            ,"86,019","87,765","91,116","92,288","93,008","93,015","93,499","94,781","96,291","97,823","99,047","99,216"
San Pablo           ,"25,158","25,852","26,738","26,716","27,055","27,558","27,855","28,285","28,995","29,644","30,157","30,256"
San Ramon           ,"35,303","35,436","35,623","38,014","38,535","39,315","39,914","41,288","42,521","43,607","44,560","44,722"
Walnut Creek        ,"60,569","60,333","61,258","61,423","61,704","61,618","61,602","62,092","62,720","63,428","64,244","64,296"
Balance Of County    ,"152,841","156,450","161,441","163,923","166,944","168,546","169,870","171,567","173,934","175,831","150,933","151,557"
,,,,,,,,,,,,
Del Norte,,,,,,,,,,,,
Crescent City       ,"4,380","4,352","8,022","8,292","8,381","7,922","7,794","7,901","8,102","7,554","7,397","7,347"
Balance Of County    ,"19,080","21,136","18,893","19,135","19,326","19,921","20,029","20,313","20,207","20,188","20,112","20,160"
,,,,,,,,,,,,
El Dorado,,,,,,,,,,,,
Placerville         ,"8,286","8,359","8,497","8,644","8,743","8,876","8,952","9,253","9,437","9,506","9,570","9,610"
South Lake Tahoe    ,"21,586","21,810","22,280","22,485","22,729","23,234","23,367","23,463","23,458","23,502","23,578","23,609"
Balance Of County    ,"96,123","100,012","104,121","107,659","110,371","111,753","113,630","115,657","117,962","120,224","122,554","123,080"
,,,,,,,,,,,,
Fresno,,,,,,,,,,,,
Clovis              ,"50,323","52,039","54,309","56,538","59,140","62,389","63,839","64,653","65,376","66,308","68,057","68,516"
Coalinga            ,"8,212","8,312","8,963","9,394","9,614","10,011","10,363","10,686","10,861","11,014","15,789","15,798"
Firebaugh           ,"4,429","4,698","4,819","4,897","5,038","5,376","5,525","5,617","5,641","5,592","5,579","5,743"
Fowler              ,"3,394","3,523","3,661","3,719","3,812","3,816","3,866","3,909","3,941","3,974","4,029","4,046"
Fresno              ,"354,091","366,209","379,823","389,144","395,649","401,317","406,338","410,813","414,597","419,629","425,778","427,652"
Huron               ,"4,766","4,824","4,998","5,488","5,714","5,695","5,795","5,862","5,975","6,054","6,252","6,310"
Kerman              ,"5,448","5,637","6,126","6,445","6,634","6,886","7,165","7,631","7,931","8,167","8,465","8,548"
Kingsburg           ,"7,245","7,380","7,536","7,702","7,999","8,167","8,277","8,457","8,625","8,844","9,003","9,231"
Mendota             ,"6,821","7,006","7,227","7,321","7,534","7,473","7,464","7,458","7,589","7,717","7,848","7,890"
Orange Cove         ,"5,604","5,614","5,731","5,684","5,971","6,242","6,637","7,627","7,690","7,682","7,721","7,722"
Parlier             ,"7,938","7,988","8,251","8,362","8,811","8,963","9,334","10,164","10,578","10,794","11,066","11,145"
Reedley             ,"15,791","16,232","17,183","18,061","18,393","18,757","19,069","19,392","19,934","20,291","20,693","20,756"
Sanger              ,"16,839","17,301","17,764","17,958","18,095","18,204","18,314","18,471","18,554","18,665","18,859","18,931"
San Joaquin         ,"2,311","2,340","2,611","2,655","2,718","2,828","2,937","2,972","3,010","3,085","3,247","3,270"
Selma               ,"14,757","15,136","15,728","16,713","17,178","17,360","17,790","18,148","18,492","18,985","19,302","19,444"
Balance Of County    ,"159,521","158,516","160,990","163,332","163,507","164,940","168,430","168,737","168,769","168,219","164,499","164,405"
,,,,,,,,,,,,
Glenn,,,,,,,,,,,,
Orland              ,"5,052","5,179","5,435","5,531","5,653","5,832","5,909","5,963","6,084","6,158","6,265","6,281"
Willows             ,"5,988","6,030","6,102","6,213","6,186","6,245","6,298","6,286","6,247","6,232","6,218","6,220"
Balance Of County    ,"13,758","13,864","14,000","14,092","14,082","14,084","14,163","14,155","14,062","13,925","13,922","13,952"
,,,,,,,,,,,,
Humboldt,,,,,,,,,,,,
Arcata              ,"15,211","15,328","15,658","15,844","15,763","16,087","16,516","16,593","16,578","16,603","16,685","16,651"
Blue Lake           ,"1,235","1,251","1,252","1,252","1,227","1,209","1,188","1,177","1,172","1,150","1,142","1,137"
Eureka              ,"27,025","27,100","27,365","27,387","27,089","27,103","26,733","26,626","26,390","26,194","26,099","26,128"
Ferndale            ,"1,331","1,320","1,354","1,369","1,329","1,235","1,225","1,222","1,376","1,346","1,340","1,382"
Fortuna             ,"8,788","8,894","9,065","9,252","9,439","9,910","10,017","10,181","10,317","10,390","10,496","10,498"
Rio Dell            ,"2,997","3,048","3,070","3,055","3,067","2,990","3,042","3,091","3,120","3,151","3,176","3,174"
Trinidad            ,362,359,352,355,345,346,338,333,327,317,315,312
Balance Of County    ,"62,169","63,104","64,294","65,514","66,309","65,841","66,102","66,624","66,628","66,777","67,223","67,236"
,,,,,,,,,,,,
Imperial,,,,,,,,,,,,
Brawley             ,"18,923","19,553","20,470","20,863","21,321","21,186","21,440","21,576","21,695","21,765","21,912","22,052"
Calexico            ,"18,633","19,289","20,351","21,605","23,227","23,679","24,508","25,239","25,584","26,193","26,988","27,109"
Calipatria          ,"2,690","2,696","2,898","6,696","7,093","7,071","7,099","7,285","7,175","7,231","7,291","7,289"
El Centro           ,"31,405","32,812","35,085","35,304","35,833","36,869","37,273","37,356","37,435","37,709","37,871","38,025"
Holtville           ,"4,820","4,897","5,151","5,328","5,484","5,497","5,538","5,553","5,554","5,576","5,600","5,612"
Imperial            ,"4,113","4,303","4,453","5,231","5,771","6,125","6,545","6,796","6,991","7,176","7,496","7,560"
Westmorland         ,"1,380","1,429","1,553","1,660","1,704","1,785","1,885","1,957","1,987","2,024","2,112","2,131"
Balance Of County    ,"27,339","27,649","29,015","29,776","31,407","32,636","32,865","32,819","32,708","32,352","32,578","32,583"
,,,,,,,,,,,,
Inyo,,,,,,,,,,,,
Bishop              ,"3,475","3,438","3,468","3,486","3,546","3,579","3,582","3,604","3,622","3,608","3,578","3,575"
Balance Of County    ,"14,806","14,812","14,824","14,825","14,864","14,848","14,804","14,830","14,814","14,677","14,523","14,496"
,,,,,,,,,,,,
Kern,,,,,,,,,,,,
Arvin               ,"9,286","9,414","9,638","10,279","10,764","11,145","11,213","11,682","11,985","12,247","12,808","12,956"
Bakersfield         ,"174,978","180,651","188,375","195,698","201,614","212,535","216,892","221,317","227,858","238,017","245,674","246,899"
California City     ,"5,955","7,134","7,790","8,371","8,438","8,516","8,570","8,524","8,462","8,370","8,396","8,385"
Delano              ,"22,762","23,500","25,198","26,413","30,853","32,417","33,405","34,897","36,842","37,528","39,016","39,499"
Maricopa            ,"1,193","1,204","1,196","1,205","1,193","1,176","1,159","1,143","1,131","1,110","1,115","1,111"
Mcfarland           ,"7,005","7,297","7,430","7,581","7,654","7,875","8,148","8,309","8,752","9,566","9,816","9,835"
Ridgecrest          ,"28,295","28,494","28,678","28,852","28,468","27,869","27,449","27,151","26,097","25,266","24,879","24,927"
Shafter             ,"8,409","9,734","10,461","11,066","11,287","11,298","11,467","11,645","11,881","12,390","12,749","12,731"
Taft                ,"5,902","5,928","6,449","6,463","6,457","6,439","6,411","6,498","6,665","8,707","8,872","8,811"
Tehachapi           ,"6,182","6,306","6,409","6,522","6,562","6,386","6,350","6,329","6,346","11,898","11,617","11,125"
Wasco               ,"12,412","12,645","17,044","17,421","17,731","18,020","18,419","19,219","20,465","20,698","20,530","21,263"
Balance Of County    ,"262,602","267,469","272,363","276,154","275,865","271,888","272,906","274,104","271,766","261,224","263,430","264,111"
,,,,,,,,,,,,
Kings,,,,,,,,,,,,
Avenal              ,"9,770","9,726","11,404","11,999","12,651","12,913","13,264","13,493","13,539","13,758","14,586","14,674"
Corcoran            ,"13,360","14,308","14,042","14,588","14,664","14,830","14,225","14,084","16,999","20,440","20,952","20,843"
Hanford             ,"30,463","31,485","33,078","34,333","35,698","37,362","38,084","39,233","39,802","40,253","41,296","41,687"
Lemoore             ,"13,622","14,014","14,510","15,024","15,434","16,080","16,550","17,358","18,108","18,804","19,525","19,712"
Balance Of County    ,"34,254","34,305","34,230","34,138","34,176","33,640","33,908","32,891","32,213","32,169","32,428","32,545"
,,,,,,,,,,,,
Lake,,,,,,,,,,,,
Clearlake           ,"11,804","12,099","12,289","12,452","12,506","12,652","12,737","12,771","12,826","12,904","13,073","13,147"
Lakeport            ,"4,390","4,507","4,564","4,617","4,665","4,656","4,696","4,707","4,729","4,751","4,798","4,820"
Balance Of County    ,"34,437","35,396","36,900","37,900","38,605","39,042","39,205","39,359","39,434","39,620","40,213","40,358"
,,,,,,,,,,,,
Lassen,,,,,,,,,,,,
Susanville          ,"7,279","7,366","11,747","12,432","12,461","12,417","14,708","16,707","17,300","17,221","17,335","17,465"
Balance Of County    ,"20,319","20,589","16,572","16,148","16,258","16,375","15,880","16,452","16,474","16,365","16,435","16,363"
,,,,,,,,,,,,
Los Angeles,,,,,,,,,,,,
Agoura Hills        ,"20,385","20,368","20,491","20,533","20,403","20,228","20,130","20,113","20,174","20,285","20,480","20,537"
Alhambra            ,"82,087","82,639","83,177","83,097","83,610","84,373","83,965","83,871","84,081","84,488","85,536","85,757"
Arcadia             ,"48,284","48,191","48,539","48,968","49,433","50,316","50,530","50,740","51,172","51,768","52,785","53,054"
Artesia             ,"15,464","15,460","15,609","15,707","15,802","15,880","15,860","15,928","16,027","16,154","16,328","16,380"
Avalon              ,"2,918","2,938","2,950","2,951","3,042","3,066","3,192","3,187","3,190","3,242","3,267","3,279"
Azusa               ,"41,203","41,239","41,531","41,945","42,337","42,819","42,827","43,160","43,446","43,853","44,549","44,712"
Baldwin Park        ,"69,330","69,409","70,241","70,975","71,567","72,348","72,377","72,847","73,533","74,400","75,593","75,837"
Bell                ,"34,365","34,773","35,083","35,329","35,308","35,431","35,402","35,498","35,747","36,068","36,530","36,664"
Bellflower          ,"61,815","62,389","63,688","64,694","65,589","66,825","67,463","68,358","69,474","70,766","72,418","72,878"
Bell Gardens        ,"42,315","42,744","42,987","43,370","43,083","42,434","42,516","42,657","42,960","43,340","43,889","44,054"
Beverly Hills       ,"31,971","31,799","31,945","32,020","32,096","32,369","32,327","32,480","32,711","33,035","33,655","33,784"
Bradbury            ,829,819,808,816,810,823,820,819,821,831,851,855
Burbank             ,"93,649","94,389","95,620","95,662","96,363","97,323","97,302","97,326","98,303","98,817","100,003","100,316"
Calabasas           ,*,*,"17,801","18,292","18,717","18,856","19,219","19,569","20,021","20,644","21,216","21,356"
Carson              ,"83,995","83,065","83,684","84,105","84,930","85,611","85,531","86,270","86,866","87,739","89,212","89,730"
Cerritos            ,"53,244","52,492","52,238","51,995","51,563","51,521","50,977","50,871","50,742","50,760","50,958","51,488"
Claremont           ,"32,610","31,968","32,180","32,198","32,409","32,773","32,685","32,732","32,860","33,311","33,865","33,998"
Commerce            ,"12,135","11,975","12,154","12,065","12,119","12,089","12,178","12,209","12,289","12,384","12,522","12,568"
Compton             ,"90,454","90,405","90,803","90,307","89,918","90,334","90,149","90,532","91,076","91,880","93,151","93,493"
Covina              ,"43,332","43,013","43,172","43,652","44,034","44,816","45,005","45,220","45,567","46,015","46,654","46,837"
Cudahy              ,"22,817","22,716","22,871","22,857","23,134","23,441","23,332","23,381","23,504","23,688","24,170","24,208"
Culver City         ,"38,793","38,214","38,167","38,271","37,979","38,296","38,005","37,939","38,074","38,322","38,716","38,816"
Diamond Bar         ,"53,672","53,103","53,179","53,617","53,449","54,150","54,047","54,197","54,544","55,177","56,084","56,287"
Downey              ,"91,444","91,968","93,324","95,002","96,723","99,205","99,969","101,128","102,725","104,517","106,679","107,323"
Duarte              ,"20,716","20,642","20,679","20,713","20,709","20,996","20,906","20,915","21,113","21,075","21,424","21,488"
El Monte            ,"106,162","107,476","108,852","109,438","109,306","110,100","110,122","111,026","111,882","113,445","115,174","115,965"
El Segundo          ,"15,223","15,066","15,165","15,337","15,361","15,525","15,497","15,543","15,636","15,766","15,990","16,033"
Gardena             ,"49,841","51,777","52,511","53,054","53,232","53,098","55,439","55,631","56,036","56,571","57,526","57,746"
Glendale            ,"180,038","181,754","183,606","186,090","188,849","188,841","188,787","189,167","189,760","191,582","194,312","194,973"
Glendora            ,"47,832","47,383","47,794","47,979","48,206","48,662","48,440","48,478","48,611","48,841","49,285","49,415"
Hawaiian Gardens    ,"13,639","13,667","14,143","14,213","14,088","14,292","14,173","14,233","14,347","14,486","14,714","14,779"
Hawthorne           ,"71,349","72,775","74,110","75,015","75,788","77,764","78,343","79,326","80,620","81,968","83,625","84,112"
Hermosa Beach       ,"18,219","18,061","18,234","18,324","18,309","18,003","17,952","18,005","18,082","18,247","18,490","18,566"
Hidden Hills        ,"1,729","1,751","1,808","1,791","1,781","1,768","1,747","1,776","1,812","1,839","1,864","1,875"
Huntington Park     ,"56,129","57,141","57,598","57,582","57,713","57,866","58,515","58,690","59,827","60,276","61,124","61,348"
Industry            ,631,695,697,709,716,729,735,745,759,762,774,777
Inglewood           ,"109,602","110,403","110,846","111,291","110,446","110,988","110,509","110,466","110,835","111,422","112,260","112,580"
Irwindale           ,"1,050","1,080","1,109","1,115","1,148","1,200","1,224","1,315","1,350","1,389","1,433","1,446"
La Canada Flintridge,"19,378","19,162","19,299","19,379","19,395","19,449","19,431","19,583","19,747","19,904","20,210","20,318"
La Habra Heights    ,"6,226","6,103","6,148","6,141","6,053","5,909","5,828","5,767","5,720","5,693","5,719","5,712"
Lakewood            ,"73,553","73,095","73,467","74,160","74,674","75,519","75,770","76,366","77,001","77,828","79,009","79,345"
La Mirada           ,"40,452","41,699","42,441","42,759","43,051","43,587","43,715","44,024","45,135","45,566","46,646","46,783"
Lancaster           ,"97,300","99,150","102,938","104,560","110,864","113,828","114,106","114,401","115,003","116,341","118,005","118,718"
La Puente           ,"36,955","37,306","37,634","38,647","38,942","39,444","39,502","39,641","39,945","40,344","40,899","41,063"
La Verne            ,"30,843","30,656","30,657","30,542","30,315","30,466","30,306","30,468","30,763","30,889","31,572","31,638"
Lawndale            ,"27,331","27,467","28,232","28,574","29,056","29,570","29,788","30,172","30,560","31,018","31,554","31,711"
Lomita              ,"19,442","19,270","19,368","19,367","19,292","19,488","19,460","19,499","19,615","19,740","19,984","20,046"
Long Beach          ,"429,321","436,904","441,527","439,451","438,132","436,566","437,446","439,945","444,966","451,399","459,318","461,522"
Los Angeles         ,"3,485,557","3,506,088","3,551,146","3,578,266","3,572,831","3,544,966","3,542,651","3,558,227","3,587,170","3,627,878","3,679,600","3,694,742"
Lynwood             ,"61,945","62,514","63,239","63,413","64,463","65,569","65,837","66,351","67,235","68,230","69,503","69,845"
Malibu              ,*,*,"11,977","12,265","11,717","11,660","11,679","11,832","12,015","12,171","12,536","12,575"
Manhattan Beach     ,"32,063","31,784","32,054","32,261","32,221","32,516","32,399","32,656","32,806","32,981","33,742","33,852"
Maywood             ,"27,893","28,265","28,169","28,085","27,974","27,790","27,647","27,608","27,599","27,731","27,998","28,083"
Monrovia            ,"35,733","35,507","35,762","35,797","35,998","36,289","36,320","36,259","36,212","36,504","36,837","36,929"
Montebello          ,"59,564","59,357","59,779","59,802","59,663","60,017","59,863","59,925","60,248","60,706","61,416","62,150"
Monterey Park       ,"60,738","60,164","60,462","60,164","60,333","59,823","59,337","59,019","59,187","59,387","59,893","60,051"
Norwalk             ,"94,279","94,563","95,516","96,339","97,192","98,180","99,061","99,780","100,824","102,166","103,757","104,323"
Palmdale            ,"68,946","77,243","83,066","88,187","96,009","102,142","107,819","109,622","111,484","113,490","115,884","116,670"
Palos Verdes Estates,"13,512","13,259","13,264","13,297","13,134","13,187","13,088","13,085","13,104","13,170","13,317","13,340"
Paramount           ,"47,669","49,318","50,861","51,593","52,210","52,732","52,828","53,129","53,602","54,210","55,046","55,266"
Pasadena            ,"131,586","130,843","131,238","131,793","130,973","130,994","130,636","130,872","131,430","132,297","133,547","133,936"
Pico Rivera         ,"59,177","59,086","59,456","59,750","59,921","59,710","59,738","59,998","60,622","61,673","63,177","63,428"
Pomona              ,"131,700","133,213","136,614","137,958","139,268","139,349","139,998","141,182","143,163","145,370","148,725","149,473"
Rancho Palos Verdes ,"41,667","41,027","41,083","41,055","40,788","40,445","40,249","40,182","40,319","40,561","41,043","41,145"
Redondo Beach       ,"60,167","59,686","60,204","61,225","61,067","61,136","61,002","61,071","61,713","62,199","63,024","63,261"
Rolling Hills       ,"1,871","1,826","1,819","1,847","1,839","1,865","1,856","1,848","1,846","1,851","1,867","1,871"
Rolling Hills Estates,"7,789","7,703","7,712","7,678","7,595","7,589","7,498","7,459","7,460","7,554","7,657","7,676"
Rosemead            ,"51,638","51,845","52,064","51,952","52,371","52,034","51,992","52,032","52,301","52,739","53,374","53,505"
San Dimas           ,"32,398","32,745","32,735","32,866","33,007","33,535","33,505","33,795","34,226","34,448","34,859","34,980"
San Fernando        ,"22,580","23,090","23,281","23,268","23,275","22,811","22,774","22,869","23,005","23,193","23,477","23,564"
San Gabriel         ,"37,120","37,191","37,551","37,521","38,008","38,372","38,330","38,447","38,664","39,101","39,663","39,804"
San Marino          ,"12,959","12,751","12,738","12,716","12,658","12,787","12,717","12,715","12,747","12,806","12,913","12,945"
Santa Clarita       ,"110,690","119,103","122,292","123,898","128,569","128,159","128,819","129,752","142,080","144,953","150,094","151,131"
Santa Fe Springs    ,"15,520","15,399","15,487","15,420","15,521","15,813","15,574","15,688","15,900","16,088","16,335","16,413"
Santa Monica        ,"86,905","85,394","85,093","85,289","85,142","83,614","82,613","82,156","82,116","82,372","83,998","84,084"
Sierra Madre        ,"10,762","10,659","10,600","10,554","10,518","10,517","10,450","10,419","10,447","10,484","10,553","10,578"
Signal Hill         ,"8,371","8,326","8,438","8,687","8,827","8,725","8,757","8,813","8,965","9,083","9,260","9,333"
South El Monte      ,"20,850","21,032","21,007","20,844","20,855","20,844","20,729","20,698","20,747","20,881","21,086","21,144"
South Gate          ,"86,284","87,409","88,429","88,901","89,307","90,586","91,119","91,829","92,937","94,265","95,904","96,375"
South Pasadena      ,"23,936","23,796","23,888","23,869","23,677","23,870","23,775","23,777","23,880","24,021","24,268","24,339"
Temple City         ,"31,153","31,065","31,236","31,604","31,679","32,013","32,069","32,243","32,508","32,812","33,255","33,377"
Torrance            ,"133,107","131,995","132,083","132,776","133,190","133,900","133,578","133,764","134,930","135,932","137,534","137,946"
Vernon              ,82,81,80,81,81,81,82,83,84,86,88,91
Walnut              ,"29,105","28,878","29,082","29,458","29,664","29,688","29,581","29,513","29,580","29,719","29,942","30,004"
West Covina         ,"96,226","96,407","96,879","97,750","98,891","99,676","99,842","100,671","101,823","103,130","104,649","105,080"
West Hollywood      ,"36,118","35,736","35,751","35,895","35,869","35,376","35,171","35,113","35,174","35,394","35,700","35,794"
Westlake Village    ,"7,455","7,460","7,518","7,584","7,558","7,662","7,658","7,701","8,088","8,219","8,336","8,368"
Whittier            ,"77,671","78,304","78,732","79,312","79,685","80,507","80,586","80,883","81,550","82,224","83,313","83,639"
Balance Of County    ,"970,194","961,598","938,509","946,480","941,765","948,382","941,943","947,771","946,990","960,217","980,459","986,050"
,,,,,,,,,,,,
Madera,,,,,,,,,,,,
Chowchilla          ,"5,930","6,328","6,588","6,681","6,854","6,919","6,979","13,133","13,798","14,604","14,360","14,416"
Madera              ,"29,283","30,157","32,504","33,862","35,504","36,557","37,753","39,276","40,518","41,424","43,089","43,205"
Balance Of County    ,"52,877","55,371","58,422","61,762","63,903","65,341","66,931","62,940","63,817","64,277","65,180","65,488"
,,,,,,,,,,,,
Marin,,,,,,,,,,,,
Belvedere           ,"2,147","2,128","2,128","2,121","2,120","2,145","2,143","2,145","2,133","2,129","2,127","2,125"
Corte Madera        ,"8,272","8,293","8,297","8,306","8,394","8,510","8,597","8,719","8,843","9,002","9,087","9,100"
Fairfax             ,"6,931","6,998","7,056","7,086","7,077","7,043","7,118","7,172","7,209","7,252","7,309","7,319"
Larkspur            ,"11,068","11,139","11,675","11,726","11,700","11,584","11,674","11,768","11,865","11,918","11,998","12,014"
Mill Valley         ,"13,029","13,024","13,028","13,060","13,194","13,394","13,470","13,524","13,507","13,534","13,590","13,600"
Novato              ,"47,585","47,084","47,408","47,617","47,814","47,097","45,706","44,960","45,600","46,123","47,444","47,630"
Ross                ,"2,136","2,161","2,176","2,203","2,195","2,230","2,254","2,266","2,274","2,300","2,320","2,329"
San Anselmo         ,"11,735","11,744","11,830","11,892","11,849","12,037","12,118","12,199","12,227","12,274","12,354","12,378"
San Rafael          ,"48,410","49,560","50,787","51,582","52,448","52,536","53,167","54,166","54,639","55,181","55,942","56,063"
Sausalito           ,"7,152","7,141","7,112","7,157","7,137","7,346","7,367","7,364","7,335","7,324","7,334","7,330"
Tiburon             ,"7,554","7,605","7,726","7,842","8,017","8,165","8,266","8,357","8,398","8,586","8,641","8,666"
Balance Of County    ,"64,077","64,615","65,157","65,748","65,407","65,966","66,269","66,976","67,945","68,144","68,357","68,735"
,,,,,,,,,,,,
Mariposa,,,,,,,,,,,,
Balance Of County    ,"14,302","14,722","15,321","15,840","16,189","16,384","16,512","16,647","16,799","16,913","17,068","17,130"
,,,,,,,,,,,,
Mendocino,,,,,,,,,,,,
Fort Bragg          ,"6,078","6,132","6,259","6,299","6,340","6,383","6,458","6,548","6,616","6,708","6,802","6,814"
Point Arena         ,407,404,412,416,417,440,447,458,462,467,473,474
Ukiah               ,"14,632","14,797","14,878","15,049","15,047","14,977","15,088","15,263","15,351","15,403","15,480","15,497"
Willits             ,"5,027","5,035","5,042","5,035","5,011","5,077","5,081","5,093","5,091","5,080","5,074","5,073"
Balance Of County    ,"54,201","54,845","55,522","55,892","56,367","56,677","56,948","57,445","57,756","57,857","58,281","58,407"
,,,,,,,,,,,,
Merced,,,,,,,,,,,,
Atwater             ,"22,282","22,665","23,081","23,302","23,624","23,373","21,253","21,639","22,228","22,618","23,053","23,113"
Dos Palos           ,"4,196","4,183","4,285","4,323","4,359","4,314","4,333","4,347","4,374","4,384","4,384","4,385"
Gustine             ,"3,931","3,962","4,050","4,139","4,187","4,248","4,279","4,288","4,377","4,473","4,661","4,698"
Livingston          ,"7,317","7,731","8,860","9,590","9,990","10,265","10,406","10,401","10,467","10,459","10,476","10,473"
Los Banos           ,"14,519","15,692","16,834","18,138","19,379","20,594","21,427","22,121","23,002","24,069","25,365","25,869"
Merced              ,"56,155","57,104","58,664","59,621","60,373","60,735","61,314","61,485","62,120","62,969","63,667","63,893"
Balance Of County    ,"70,003","71,467","72,503","73,426","74,698","75,211","75,560","75,783","76,606","76,920","77,916","78,123"
,,,,,,,,,,,,
Modoc,,,,,,,,,,,,
Alturas             ,"3,231","3,226","3,242","3,268","3,243","3,178","3,116","3,117","3,061","2,952","2,900","2,892"
Balance Of County    ,"6,447","6,504","6,615","6,690","6,767","6,836","6,838","6,861","6,775","6,588","6,545","6,557"
,,,,,,,,,,,,
Mono,,,,,,,,,,,,
Mammoth Lakes       ,"4,785","5,022","5,298","5,599","5,856","6,056","6,195","6,422","6,608","6,769","7,035","7,093"
Balance Of County    ,"5,171","5,140","5,074","5,168","5,379","5,360","5,352","5,364","5,383","5,585","5,735","5,760"
,,,,,,,,,,,,
Monterey,,,,,,,,,,,,
Carmel-By-The-Sea   ,"4,241","4,223","4,247","4,242","4,144","4,096","4,070","4,036","4,061","4,047","4,052","4,081"
Del Rey Oaks        ,"1,661","1,643","1,658","1,661","1,645","1,609","1,612","1,608","1,629","1,636","1,648","1,650"
Gonzales            ,"4,660","4,862","5,408","5,603","5,867","6,109","6,286","6,542","6,887","7,196","7,535","7,564"
Greenfield          ,"7,464","7,853","8,356","8,880","9,323","9,780","10,303","10,977","11,562","12,090","12,569","12,648"
King City           ,"7,634","7,849","8,410","8,757","9,111","9,556","9,960","10,139","10,656","10,773","11,164","11,204"
Marina              ,"26,512","26,929","26,361","26,146","19,509","17,968","17,731","17,861","18,445","18,633","18,868","18,925"
Monterey            ,"31,954","31,815","31,934","30,870","31,098","29,877","29,666","30,313","30,560","29,722","29,656","29,696"
Pacific Grove       ,"16,117","16,006","16,100","16,093","15,831","15,878","15,726","15,552","15,611","15,555","15,537","15,522"
Salinas             ,"108,777","111,184","114,736","116,686","120,885","121,960","124,972","127,369","132,449","136,797","141,318","142,685"
Sand City           ,192,199,204,211,218,221,224,229,238,247,256,261
Seaside             ,"38,826","39,812","40,395","39,217","32,179","30,483","29,539","30,009","31,682","32,347","32,945","33,097"
Soledad             ,"7,161","13,821","13,717","14,361","14,888","14,824","14,958","19,301","21,187","22,297","22,860","23,015"
Balance Of County    ,"100,461","95,034","97,472","99,803","101,655","97,785","95,507","96,061","97,918","99,200","100,984","101,414"
,,,,,,,,,,,,
Napa,,,,,,,,,,,,
American Canyon     ,*,*,"8,341","8,674","8,942","8,954","9,158","9,307","9,435","9,558","9,733","9,774"
Calistoga           ,"4,468","4,496","4,559","4,643","4,757","4,813","4,865","4,957","5,057","5,122","5,166","5,190"
Napa                ,"61,865","62,722","64,039","65,251","65,976","66,803","67,622","68,773","69,648","70,673","72,083","72,585"
St Helena           ,"4,990","4,957","5,008","5,210","5,453","5,451","5,442","5,563","5,690","5,852","5,938","5,950"
Yountville          ,"3,259","3,288","3,299","3,342","3,316","3,241","3,203","3,182","3,263","3,335","3,299","3,297"
Balance Of County    ,"36,183","36,284","28,211","27,959","27,595","27,555","27,449","27,348","27,452","27,373","27,563","27,483"
,,,,,,,,,,,,
Nevada,,,,,,,,,,,,
Grass Valley        ,"9,048","9,215","9,264","9,372","9,423","9,332","9,428","9,502","9,606","9,994","10,040","10,922"
Nevada City         ,"2,855","2,839","2,852","2,874","2,868","2,855","2,870","2,915","2,942","2,956","2,975","2,996"
Truckee             ,*,*,*,*,"11,143","11,775","12,029","12,574","12,978","13,299","13,778","13,864"
Balance Of County    ,"66,607","68,495","70,686","71,939","61,895","62,464","63,266","63,750","64,304","64,338","64,849","64,251"
,,,,,,,,,,,,
Orange,,,,,,,,,,,,
Anaheim             ,"266,406","272,709","279,679","287,054","292,740","298,016","302,013","307,293","313,276","319,727","325,906","328,014"
Brea                ,"32,873","32,585","32,906","33,166","33,437","33,544","33,724","34,173","34,475","34,767","35,176","35,410"
Buena Park          ,"68,784","69,312","70,221","71,055","71,997","72,470","72,756","73,522","74,669","75,986","77,447","77,962"
Costa Mesa          ,"96,357","96,865","97,960","100,534","101,628","102,540","102,948","104,125","105,508","106,965","108,209","108,724"
Cypress             ,"42,655","42,074","43,343","43,755","44,356","44,721","44,795","45,395","45,833","46,109","46,367","46,549"
Dana Point          ,"31,896","32,031","32,325","32,773","33,197","34,083","34,168","34,267","34,461","34,592","34,934","35,110"
Fountain Valley     ,"53,691","53,044","52,987","53,132","53,420","53,026","53,018","53,567","53,947","54,510","54,791","54,978"
Fullerton           ,"114,144","114,654","115,889","117,604","118,796","119,894","120,345","121,431","122,902","124,214","125,500","126,003"
Garden Grove        ,"142,965","144,354","147,731","149,849","152,076","153,637","154,752","156,803","159,101","161,729","164,260","165,196"
Huntington Beach    ,"181,519","180,609","181,396","182,054","182,555","180,818","180,800","182,019","184,044","187,061","188,706","189,627"
Irvine              ,"110,330","111,268","113,406","115,993","118,517","120,114","125,462","127,890","130,909","133,945","141,695","143,072"
Laguna Beach        ,"23,170","23,139","23,420","23,554","22,994","22,706","22,806","23,054","23,229","23,446","23,640","23,727"
Laguna Hills        ,*,*,"23,826","24,145","24,290","24,260","24,277","29,217","29,390","29,618","29,766","29,891"
Laguna Niguel       ,"44,723","47,763","50,287","52,734","54,176","55,176","56,217","57,419","58,775","60,181","61,281","61,891"
Laguna Woods,*,*,*,*,*,*,*,*,*,*,"17,682","17,794"
La Habra            ,"51,266","51,372","52,198","53,121","54,033","54,594","55,034","55,714","56,424","57,224","58,457","58,974"
Lake Forest         ,*,*,"56,603","57,076","57,052","56,658","56,710","57,052","57,475","57,992","58,487","58,707"
La Palma            ,"15,392","15,234","15,246","15,154","15,024","14,895","14,807","15,025","15,065","15,344","15,370","15,408"
Los Alamitos        ,"11,788","11,680","11,923","11,945","11,839","11,986","12,062","11,435","11,539","11,668","11,733","11,536"
Mission Viejo       ,"72,820","72,706","73,552","81,549","82,658","85,059","86,236","88,091","89,849","90,799","92,324","93,102"
Newport Beach       ,"66,643","66,264","66,229","66,176","65,736","65,347","64,966","65,578","67,171","67,765","68,731","70,032"
Orange              ,"110,658","111,814","113,286","114,844","115,989","117,174","118,982","122,014","124,157","126,490","128,253","128,868"
Placentia           ,"41,259","40,751","40,771","41,601","42,027","42,571","42,720","43,108","44,116","45,675","46,344","46,488"
Rancho Santa Margarita,*,*,*,*,*,*,*,*,*,*,"46,907","47,214"
San Clemente        ,"41,100","41,775","42,655","43,534","44,172","45,470","46,146","47,012","47,670","48,573","49,570","49,936"
San Juan Capistrano ,"26,183","26,714","27,407","27,955","28,366","29,088","29,595","30,549","31,967","33,085","33,619","33,826"
Santa Ana           ,"293,827","299,494","305,471","310,667","313,454","314,341","316,468","321,086","325,888","331,323","336,223","337,977"
Seal Beach          ,"25,098","24,644","24,527","24,731","24,283","24,454","24,164","23,913","23,809","23,864","23,705","24,157"
Stanton             ,"30,491","30,811","31,592","32,459","32,877","33,117","33,504","35,058","35,661","36,325","37,137","37,403"
Tustin              ,"50,689","51,070","53,840","56,835","58,865","61,129","63,395","65,356","66,183","66,525","68,012","67,504"
Villa Park          ,"6,299","6,166","6,124","6,103","6,022","5,908","5,868","5,889","5,884","5,878","5,944","5,952"
Westminster         ,"78,293","78,498","79,415","80,492","80,557","81,667","82,541","83,585","84,928","86,292","87,743","88,207"
Yorba Linda         ,"52,422","53,108","53,783","54,766","54,936","54,790","55,040","55,795","56,825","57,926","58,767","58,918"
Balance Of County    ,"226,927","232,900","165,233","164,643","170,989","176,856","188,958","196,361","209,395","220,565","169,113","168,132"
,,,,,,,,,,,,
Placer,,,,,,,,,,,,
Auburn              ,"10,653","10,957","11,316","11,453","11,738","11,795","12,173","12,397","12,568","12,638","12,474","12,462"
Colfax              ,"1,306","1,337","1,380","1,388","1,399","1,452","1,473","1,495","1,500","1,523","1,522","1,520"
Lincoln             ,"7,248","7,503","7,871","7,972","8,146","8,303","8,549","8,871","9,023","9,605","10,566","11,205"
Loomis              ,"5,705","5,752","5,885","5,988","6,132","6,172","6,277","6,332","6,364","6,363","6,273","6,260"
Rocklin             ,"18,806","21,404","22,835","23,522","25,183","26,295","27,469","28,541","29,965","32,397","35,789","36,330"
Roseville           ,"44,685","47,067","50,664","54,254","56,649","59,412","63,234","67,429","71,571","76,634","79,372","79,921"
Balance Of County    ,"84,393","85,222","87,252","89,424","90,746","93,730","95,844","97,221","98,695","99,133","100,716","100,701"
,,,,,,,,,,,,
Plumas,,,,,,,,,,,,
Portola             ,"2,193","2,199","2,227","2,255","2,235","2,252","2,239","2,249","2,248","2,224","2,223","2,227"
Balance Of County    ,"17,546","17,774","18,237","18,584","18,627","18,565","18,536","18,616","18,670","18,570","18,578","18,597"
,,,,,,,,,,,,
Riverside,,,,,,,,,,,,
Banning             ,"20,572","21,855","22,204","22,367","22,495","22,456","22,461","22,741","22,955","23,200","23,549","23,562"
Beaumont            ,"9,685","9,996","10,272","10,360","10,640","10,596","10,673","10,815","10,953","11,215","11,371","11,384"
Blythe              ,"8,448","8,439","11,722","12,482","12,427","15,893","17,646","20,062","20,067","19,918","20,235","20,465"
Calimesa            ,*,"6,764","6,924","6,987","7,008","6,930","6,926","6,988","7,036","7,077","7,084","7,139"
Canyon Lake         ,*,"10,292","10,434","10,357","10,246","10,094","9,989","9,927","9,890","9,929","9,978","9,952"
Cathedral City      ,"30,085","32,195","34,245","34,981","35,754","36,744","37,675","38,267","38,907","40,166","42,240","42,647"
Coachella           ,"16,896","17,393","18,007","19,017","19,291","19,819","20,551","20,899","21,164","21,503","22,180","22,724"
Corona              ,"75,943","80,913","86,850","90,985","93,232","96,099","100,146","105,743","112,148","118,493","123,757","124,966"
Desert Hot Springs  ,"11,668","12,405","13,360","14,206","14,554","15,093","15,478","15,904","16,163","16,405","16,544","16,582"
Hemet               ,"36,094","37,613","49,027","50,044","50,319","50,165","50,251","50,682","54,269","57,871","58,666","58,812"
Indian Wells        ,"2,647","2,722","2,892","2,985","3,086","3,092","3,146","3,290","3,349","3,515","3,667","3,816"
Indio               ,"36,850","38,217","40,355","41,420","42,525","42,952","43,888","45,200","46,099","47,301","48,616","49,116"
Lake Elsinore       ,"18,316","19,075","21,605","21,986","23,106","23,848","24,714","25,769","26,490","27,978","28,756","28,930"
La Quinta           ,"11,215","12,788","14,403","15,084","15,913","16,588","17,402","18,573","19,534","20,827","23,088","23,694"
Moreno Valley       ,"118,779","125,788","129,968","131,548","132,821","132,669","134,215","136,323","137,962","140,457","142,161","142,379"
Murrieta            ,*,*,"24,334","27,901","30,286","32,595","34,589","36,842","38,959","41,646","43,902","44,282"
Norco               ,"23,302","23,218","23,275","23,454","23,718","23,480","23,511","23,619","24,098","23,988","24,156","24,157"
Palm Desert         ,"23,252","23,880","25,035","26,978","28,108","34,487","35,504","36,767","37,815","39,424","40,957","41,155"
Palm Springs        ,"40,144","40,402","41,123","41,543","41,465","41,058","41,341","41,715","42,055","42,392","42,748","42,805"
Perris              ,"21,500","24,241","27,556","29,456","31,113","32,131","32,723","33,149","34,019","35,015","36,063","36,189"
Rancho Mirage       ,"9,778","10,040","10,527","10,773","10,995","11,078","11,298","11,643","12,015","12,559","13,160","13,249"
Riverside           ,"226,546","227,496","233,555","236,452","238,112","239,066","240,629","243,352","246,469","250,385","254,212","255,166"
San Jacinto         ,"16,210","17,492","20,093","21,106","22,555","22,296","22,392","22,582","22,737","22,970","23,466","23,779"
Temecula            ,"27,099","27,416","31,622","34,137","36,953","40,775","43,601","46,091","48,817","51,568","56,607","57,716"
Balance Of County    ,"385,384","390,617","366,096","375,732","383,492","385,452","391,095","393,630","397,401","404,672","417,962","420,721"
,,,,,,,,,,,,
Sacramento,,,,,,,,,,,,
Citrus Heights,*,*,*,*,*,*,*,"83,215","81,943","84,060","84,942","85,071"
Folsom              ,"29,802","33,112","35,837","37,396","38,553","38,859","40,284","41,877","43,388","46,553","50,943","51,884"
Galt                ,"8,889","9,550","11,125","13,043","14,124","15,373","16,100","16,748","17,310","18,215","19,304","19,472"
Isleton             ,833,845,836,847,836,816,812,816,803,820,829,828
Sacramento          ,"369,365","373,014","380,586","384,009","386,258","383,720","384,090","387,440","401,411","400,665","406,397","407,018"
Balance Of County    ,"632,330","646,896","659,968","668,549","673,990","679,811","686,414","611,822","612,585","634,819","654,804","659,226"
,,,,,,,,,,,,
San Benito,,,,,,,,,,,,
Hollister           ,"19,318","20,133","21,314","22,684","23,965","25,602","27,342","29,213","31,108","32,737","34,209","34,424"
San Juan Bautista   ,"1,570","1,554","1,570","1,591","1,583","1,567","1,576","1,589","1,593","1,585","1,543","1,549"
Balance Of County    ,"15,809","15,721","15,996","16,169","16,103","16,141","16,268","16,441","16,633","16,869","17,132","17,261"
,,,,,,,,,,,,
San Bernardino,,,,,,,,,,,,
Adelanto            ,"6,791","7,123","8,433","10,676","12,708","14,102","14,796","15,514","16,296","17,532","18,125","18,130"
Apple Valley        ,"46,079","48,451","50,278","50,838","51,149","50,586","50,885","51,347","51,907","52,539","53,976","54,239"
Barstow             ,"21,472","21,708","21,531","21,582","21,397","20,861","20,945","20,841","21,006","21,135","21,125","21,119"
Big Bear Lake       ,"5,351","5,345","5,415","5,339","5,326","5,444","5,405","5,376","5,354","5,386","5,425","5,438"
Chino               ,"59,682","60,444","60,319","60,998","61,706","62,580","63,252","63,396","64,846","65,831","66,879","67,168"
Chino Hills         ,*,*,"43,814","46,949","48,495","50,527","53,063","56,083","59,546","63,399","66,112","66,787"
Colton              ,"40,273","41,432","42,017","42,628","44,192","44,129","44,440","45,235","46,233","46,799","47,475","47,662"
Fontana             ,"87,535","92,231","98,982","102,647","104,747","106,661","108,613","112,093","115,684","120,545","127,064","128,928"
Grand Terrace       ,"10,946","12,512","12,644","12,552","12,336","12,201","12,037","11,932","11,791","11,689","11,640","11,626"
Hesperia            ,"50,418","53,217","55,704","57,266","57,393","57,826","58,424","59,332","60,099","61,007","62,320","62,590"
Highland            ,"34,439","35,726","36,995","37,893","38,671","39,465","40,373","41,160","42,139","42,918","44,524","44,625"
Loma Linda          ,"18,470","18,949","19,347","19,855","19,685","19,486","19,327","19,215","18,999","18,818","19,238","19,228"
Montclair           ,"28,434","28,981","29,698","30,176","30,240","30,550","30,956","31,353","31,719","32,213","32,797","33,049"
Needles             ,"5,191","5,250","5,296","5,359","5,360","5,155","5,089","5,040","4,963","4,895","4,846","4,830"
Ontario             ,"133,179","136,383","139,516","141,264","143,097","144,087","145,459","147,322","150,021","152,413","157,442","158,007"
Rancho Cucamonga    ,"101,409","105,127","110,329","112,049","112,927","114,708","116,069","117,959","119,582","122,734","126,475","127,743"
Redlands            ,"60,395","63,135","63,611","63,703","63,269","63,149","62,904","62,953","62,903","63,084","63,493","63,591"
Rialto              ,"72,395","75,787","78,486","80,483","81,199","82,773","84,575","86,503","87,905","89,566","91,376","91,882"
San Bernardino      ,"164,676","172,649","176,814","180,024","180,092","179,691","180,428","181,533","182,345","184,137","185,251","185,382"
Twentynine Palms    ,"11,821","11,978","12,841","13,035","14,544","14,687","14,766","14,894","14,958","15,078","15,158","14,764"
Upland              ,"63,374","64,114","65,240","65,693","65,725","65,397","65,566","65,961","66,676","67,289","68,055","68,393"
Victorville         ,"40,674","44,483","48,084","53,042","55,672","58,277","59,303","60,499","61,208","62,116","63,605","64,029"
Yucaipa             ,"32,819","34,461","35,544","36,333","36,714","37,631","38,049","38,794","39,339","39,980","41,073","41,207"
Yucca Valley        ,*,*,"16,481","16,405","16,327","17,332","17,174","17,060","16,903","16,828","16,858","16,865"
Balance Of County    ,"322,557","324,717","279,056","279,761","279,217","276,935","279,288","282,564","286,001","289,258","291,042","292,857"
,,,,,,,,,,,,
San Diego,,,,,,,,,,,,
Carlsbad            ,"63,292","63,746","64,758","65,511","65,470","64,833","65,811","67,490","70,069","73,515","77,648","78,306"
Chula Vista         ,"135,160","138,022","141,108","144,471","146,148","149,206","151,654","154,983","160,124","164,875","172,264","173,543"
Coronado            ,"26,540","26,789","26,574","23,093","25,885","28,744","28,285","28,989","26,399","28,303","24,238","24,100"
Del Mar             ,"4,860","4,824","4,788","4,741","4,623","4,636","4,543","4,495","4,490","4,464","4,433","4,389"
El Cajon            ,"88,918","88,891","89,821","90,282","90,336","90,858","91,203","91,951","93,350","94,311","95,379","94,869"
Encinitas           ,"55,406","55,405","55,612","56,040","55,645","54,954","54,768","55,035","55,786","56,928","58,241","57,955"
Escondido           ,"108,648","110,627","113,452","116,042","117,453","120,563","121,693","124,387","127,817","130,943","133,962","133,663"
Imperial Beach      ,"26,512","26,355","26,631","26,928","26,742","26,728","26,559","26,580","26,814","26,929","27,039","26,992"
La Mesa             ,"52,911","52,644","53,060","54,193","54,126","54,328","54,098","54,157","54,669","54,955","55,158","54,749"
Lemon Grove         ,"23,984","24,086","24,400","24,478","24,368","24,252","24,152","24,214","24,596","24,883","25,078","24,918"
National City       ,"54,249","55,411","58,322","55,950","54,520","53,517","54,111","55,929","53,638","54,128","54,594","54,260"
Oceanside           ,"128,090","132,965","137,675","140,813","143,412","146,069","147,432","150,090","154,300","158,451","161,624","161,039"
Poway               ,"43,396","43,966","44,871","45,466","45,510","44,626","44,704","45,311","46,123","47,321","48,158","48,044"
San Diego           ,"1,110,623","1,120,037","1,132,597","1,141,304","1,139,569","1,139,504","1,139,763","1,150,694","1,167,180","1,189,885","1,207,003","1,223,415"
San Marcos          ,"38,974","40,275","42,689","44,317","45,490","47,336","48,369","49,508","51,244","52,575","54,576","54,977"
Santee              ,"52,902","52,512","52,650","52,647","52,067","50,592","51,123","51,677","52,172","52,489","52,949","52,946"
Solana Beach        ,"12,968","12,854","12,887","12,898","12,726","12,924","12,819","12,816","12,906","12,988","13,078","12,979"
Vista               ,"71,861","73,961","76,246","78,679","80,005","81,736","82,590","84,315","86,376","88,334","90,216","89,857"
Balance Of County    ,"398,722","406,386","414,308","416,258","420,345","417,706","417,452","420,826","434,752","434,734","445,698","442,832"
,,,,,,,,,,,,
San Francisco,,,,,,,,,,,,
San Francisco       ,"723,959","724,593","728,487","736,629","742,795","741,615","741,971","746,762","753,810","762,359","773,312","776,733"
,,,,,,,,,,,,
San Joaquin,,,,,,,,,,,,
Escalon             ,"4,437","4,685","4,900","4,936","5,047","5,233","5,323","5,443","5,605","5,810","5,914","5,963"
Lathrop             ,"6,841","7,018","7,063","7,434","8,410","8,713","9,031","9,172","9,508","9,786","10,278","10,445"
Lodi                ,"51,874","52,351","52,634","52,526","52,460","52,912","53,505","53,856","54,394","55,533","56,361","57,011"
Manteca             ,"40,773","41,415","41,800","42,658","43,252","43,848","44,505","45,558","46,516","47,404","48,777","49,255"
Ripon               ,"7,455","7,866","8,097","8,176","8,306","8,668","8,889","9,050","9,349","9,691","10,065","10,158"
Stockton            ,"210,943","213,359","219,795","221,862","223,396","227,397","230,731","233,992","237,326","239,722","242,827","243,771"
Tracy               ,"33,558","35,871","38,006","40,455","42,111","44,546","45,949","47,428","48,962","51,959","56,070","56,929"
Balance Of County    ,"124,747","125,378","126,321","127,754","128,068","126,609","127,434","128,068","128,449","129,313","130,342","130,066"
,,,,,,,,,,,,
San Luis Obispo,,,,,,,,,,,,
Arroyo Grande       ,"14,432","14,440","14,496","14,562","14,572","14,669","14,708","14,989","15,216","15,397","15,760","15,851"
Atascadero          ,"23,138","23,103","23,484","23,784","24,033","24,665","24,947","25,345","25,687","25,925","26,304","26,411"
El Paso De Robles   ,"18,583","19,873","20,364","20,747","20,988","21,653","22,050","22,577","22,963","23,565","24,109","24,297"
Grover Beach        ,"11,602","11,659","11,892","12,064","12,303","12,164","12,224","12,452","12,673","12,880","13,031","13,067"
Morro Bay           ,"9,664","9,676","9,791","9,889","9,946","9,749","9,843","9,975","10,097","10,168","10,311","10,350"
Pismo Beach         ,"7,669","7,643","7,670","7,734","7,773","7,981","8,093","8,233","8,285","8,395","8,537","8,551"
San Luis Obispo     ,"41,958","42,125","42,645","42,911","43,208","42,096","42,371","42,983","43,421","43,766","44,032","44,179"
Balance Of County    ,"90,116","90,801","91,611","92,834","94,213","96,183","97,640","99,139","100,805","101,987","103,612","103,975"
,,,,,,,,,,,,
San Mateo,,,,,,,,,,,,
Atherton            ,"7,163","7,008","7,055","7,078","7,064","7,083","7,109","7,147","7,184","7,190","7,194","7,194"
Belmont             ,"24,165","24,024","24,267","24,428","24,720","24,193","24,295","24,469","24,914","24,970","25,021","25,123"
Brisbane            ,"2,952","2,922","2,924","2,916","2,897","2,850","2,816","2,854","2,883","2,906","3,543","3,597"
Burlingame          ,"26,666","26,592","26,722","27,017","27,080","27,198","27,261","27,575","27,765","27,881","28,001","28,158"
Colma               ,"1,103","1,132","1,116","1,116","1,129","1,170","1,172","1,171","1,193","1,191","1,186","1,187"
Daly City           ,"92,088","93,153","95,100","96,360","97,504","97,637","98,962","100,683","102,024","102,769","103,328","103,625"
East Palo Alto      ,"23,451","23,932","24,789","25,287","25,888","26,712","27,276","27,924","28,579","29,150","29,219","29,506"
Foster City         ,"28,176","27,912","27,990","28,233","28,020","28,046","28,074","28,348","28,559","28,690","28,767","28,803"
Half Moon Bay       ,"8,886","9,520","9,855","10,137","10,330","10,646","10,895","11,206","11,449","11,578","11,776","11,842"
Hillsborough        ,"10,667","10,588","10,600","10,661","10,632","10,701","10,712","10,754","10,820","10,814","10,819","10,825"
Menlo Park          ,"28,403","28,517","28,723","29,076","29,158","29,535","29,614","29,877","30,297","30,490","30,717","30,785"
Millbrae            ,"20,414","20,296","20,423","20,626","20,703","20,795","20,862","20,987","21,128","20,888","20,671","20,718"
Pacifica            ,"37,670","37,422","37,626","37,765","37,667","37,305","37,640","37,873","38,097","38,183","38,320","38,392"
Portola Valley      ,"4,195","4,125","4,141","4,184","4,235","4,289","4,312","4,359","4,393","4,417","4,449","4,462"
Redwood City        ,"66,072","66,617","67,437","68,167","68,626","69,376","70,275","71,435","72,754","73,835","75,218","75,402"
San Bruno           ,"38,961","38,734","38,848","39,248","39,281","39,472","39,535","39,731","39,956","39,999","40,078","40,165"
San Carlos          ,"26,382","26,228","26,392","26,618","26,714","27,022","27,091","27,236","27,423","27,514","27,664","27,718"
San Mateo           ,"85,619","85,674","86,306","87,232","88,078","89,223","89,503","90,198","90,829","91,022","92,270","92,482"
South San Francisco ,"54,312","54,371","54,902","55,187","55,668","55,443","55,748","56,171","57,225","58,754","60,302","60,552"
Woodside            ,"5,034","5,009","5,022","5,084","5,062","5,170","5,201","5,265","5,350","5,396","5,341","5,352"
Balance Of County    ,"57,244","57,317","57,742","57,974","58,255","59,408","59,573","59,890","60,267","60,696","61,168","61,275"
,,,,,,,,,,,,
Santa Barbara,,,,,,,,,,,,
Buellton            ,*,*,*,"3,381","3,404","3,374","3,450","3,537","3,674","3,753","3,818","3,828"
Carpinteria         ,"13,747","13,789","13,904","13,781","13,819","13,863","13,844","13,927","14,022","13,980","14,147","14,194"
Guadalupe           ,"5,479","5,440","5,501","5,558","5,598","5,560","5,673","5,671","5,670","5,604","5,584","5,659"
Lompoc              ,"37,649","38,343","39,121","39,210","39,483","39,398","39,677","40,268","40,523","40,693","41,145","41,103"
Santa Barbara       ,"85,571","85,963","86,666","86,518","86,546","87,019","87,174","87,763","88,348","88,593","89,375","89,606"
Santa Maria         ,"61,552","62,939","64,970","66,770","68,357","69,720","71,127","72,283","73,891","75,379","76,913","77,423"
Solvang             ,"4,741","4,802","4,841","4,841","4,962","4,977","5,059","5,086","5,179","5,224","5,312","5,332"
Balance Of County    ,"160,869","160,627","161,682","158,414","157,554","158,463","158,297","159,163","159,976","160,272","161,583","162,202"
,,,,,,,,,,,,
Santa Clara,,,,,,,,,,,,
Campbell            ,"36,088","35,904","35,927","36,204","36,325","36,654","36,836","37,403","37,401","37,275","38,031","38,138"
Cupertino           ,"39,967","39,693","40,614","41,035","41,372","42,069","42,493","43,182","44,703","45,458","50,504","50,602"
Gilroy              ,"31,487","31,686","32,044","32,861","33,500","33,803","34,767","35,926","38,116","39,839","41,097","41,464"
Los Altos           ,"26,599","26,441","26,530","26,713","26,838","26,617","26,947","27,411","27,662","27,657","27,743","27,693"
Los Altos Hills     ,"7,514","7,440","7,488","7,570","7,615","7,581","7,653","7,780","7,905","7,955","7,998","8,025"
Los Gatos           ,"27,357","27,183","27,342","27,557","27,896","27,881","28,006","28,402","28,557","28,523","28,580","28,592"
Milpitas            ,"50,690","51,619","53,833","55,762","56,700","57,883","58,508","59,455","60,360","61,843","62,635","62,698"
Monte Sereno        ,"3,287","3,274","3,256","3,277","3,349","3,240","3,301","3,364","3,406","3,434","3,466","3,483"
Morgan Hill         ,"23,928","24,674","25,045","25,638","26,202","26,994","28,123","29,301","30,750","31,871","33,138","33,586"
Mountain View       ,"67,365","67,342","67,754","68,216","68,676","68,416","68,839","69,316","70,275","70,212","70,653","70,708"
Palo Alto           ,"55,900","55,479","55,724","56,291","56,696","56,730","57,039","57,800","57,935","58,336","58,473","58,598"
San Jose            ,"782,224","785,660","796,540","810,679","820,296","825,547","835,878","852,383","867,133","879,263","892,558","895,131"
Santa Clara         ,"93,613","93,433","94,583","95,697","96,259","96,915","97,774","99,201","100,602","101,307","101,605","102,361"
Saratoga            ,"28,061","27,773","27,728","27,874","28,013","28,649","28,852","29,561","29,815","29,826","29,804","29,849"
Sunnyvale           ,"117,324","118,959","120,079","121,383","123,088","124,333","125,841","128,168","129,464","131,141","131,531","131,844"
Balance Of County    ,"106,173","105,211","104,666","105,297","105,629","104,913","105,521","104,086","104,193","104,115","99,104","99,813"
,,,,,,,,,,,,
Santa Cruz,,,,,,,,,,,,
Capitola            ,"10,171","10,123","10,096","10,030","9,964","10,127","10,096","10,029","10,087","10,056","10,029","10,033"
Santa Cruz          ,"49,711","49,962","50,301","50,649","50,846","51,373","51,776","52,037","53,011","54,098","54,488","54,593"
Scotts Valley       ,"8,667","8,941","9,242","9,364","9,575","9,864","10,109","10,388","10,861","11,080","11,344","11,385"
Watsonville         ,"31,099","32,115","33,093","34,196","35,190","36,275","37,268","40,632","41,564","42,590","43,922","44,246"
Balance Of County    ,"130,086","129,168","129,859","130,837","131,833","132,250","133,050","132,089","132,899","133,747","135,032","135,345"
,,,,,,,,,,,,
Shasta,,,,,,,,,,,,
Anderson            ,"8,299","8,371","8,553","8,640","8,705","8,714","8,817","8,834","8,830","8,865","8,996","9,027"
Redding             ,"66,462","69,305","72,091","74,570","75,932","76,837","77,706","78,474","79,343","79,822","80,714","80,865"
Shasta Lake         ,*,*,*,*,"8,967","9,029","8,953","8,910","8,968","8,946","8,944","9,093"
Balance Of County    ,"72,275","73,181","74,482","74,068","64,954","64,809","64,413","64,409","64,430","64,415","64,235","64,271"
,,,,,,,,,,,,
Sierra,,,,,,,,,,,,
Loyalton            ,931,914,900,912,911,899,904,899,896,881,862,862
Balance Of County    ,"2,387","2,408","2,445","2,511","2,578","2,628","2,678","2,703","2,721","2,712","2,691","2,693"
,,,,,,,,,,,,
Siskiyou,,,,,,,,,,,,
Dorris              ,892,895,915,901,898,915,914,907,897,887,886,886
Dunsmuir            ,"2,129","2,129","2,167","2,153","2,141","2,054","2,037","2,014","1,979","1,951","1,926","1,923"
Etna                ,835,824,833,831,839,797,794,791,788,780,778,781
Fort Jones          ,639,654,662,653,646,626,621,626,619,661,660,660
Montague            ,"1,415","1,410","1,433","1,443","1,485","1,446","1,450","1,453","1,449","1,446","1,455","1,456"
Mount Shasta        ,"3,460","3,494","3,536","3,561","3,564","3,539","3,506","3,460","3,653","3,618","3,621","3,621"
Tulelake            ,"1,010","1,014","1,047","1,051","1,051",999,"1,001","1,004","1,009","1,008","1,017","1,020"
Weed                ,"3,062","3,081","3,128","3,141","3,182","3,143","3,114","3,079","3,044","3,001","2,982","2,978"
Yreka               ,"6,948","6,985","7,074","7,261","7,285","7,443","7,422","7,401","7,362","7,296","7,284","7,290"
Balance Of County    ,"23,141","23,355","23,350","23,492","23,797","24,058","23,922","23,991","23,875","23,704","23,672","23,686"
,,,,,,,,,,,,
Solano,,,,,,,,,,,,
Benicia             ,"24,437","25,301","25,783","25,971","26,053","26,298","25,868","25,905","26,040","26,753","26,881","26,865"
Dixon               ,"10,417","11,008","11,536","11,846","12,484","12,829","13,297","13,983","14,737","15,499","16,020","16,103"
Fairfield           ,"78,650","80,587","84,176","85,332","85,897","86,496","86,882","89,472","91,618","92,900","95,862","96,178"
Rio Vista           ,"3,316","3,385","3,517","3,578","3,528","3,538","3,478","3,509","3,676","4,084","4,561","4,571"
Suisun City         ,"22,704","23,300","23,200","23,499","24,127","24,645","24,772","25,067","25,283","25,723","26,133","26,118"
Vacaville           ,"71,476","74,695","77,097","79,192","80,316","81,361","81,623","82,465","84,258","85,817","87,551","88,642"
Vallejo             ,"109,199","111,486","114,256","115,382","115,742","113,628","112,989","111,850","112,421","114,328","116,545","117,148"
Balance Of County    ,"19,272","19,634","19,610","19,827","19,883","19,432","19,212","19,129","19,088","19,218","19,280","19,305"
,,,,,,,,,,,,
Sonoma,,,,,,,,,,,,
Cloverdale          ,"4,924","5,048","5,269","5,378","5,484","5,550","5,664","5,756","5,884","6,328","6,697","6,831"
Cotati              ,"5,714","5,861","6,015","6,229","6,243","6,332","6,327","6,345","6,417","6,487","6,480","6,471"
Healdsburg          ,"9,469","9,552","9,637","9,698","9,786","9,698","9,895","10,005","10,262","10,427","10,896","10,915"
Petaluma            ,"43,166","43,235","44,339","45,028","46,492","47,438","48,407","49,907","51,102","52,443","53,896","54,550"
Rohnert Park        ,"36,326","36,899","38,162","38,766","39,128","39,056","39,843","40,495","41,314","42,025","42,209","42,236"
Santa Rosa          ,"113,261","115,442","119,557","122,669","124,351","126,495","129,028","131,848","139,862","143,009","146,871","147,595"
Sebastopol          ,"7,008","7,139","7,148","7,155","7,262","7,377","7,395","7,459","7,594","7,680","7,772","7,774"
Sonoma              ,"8,168","8,219","8,326","8,388","8,461","8,567","8,666","8,867","9,044","9,118","9,232","9,275"
Windsor             ,*,*,*,"16,541","17,841","19,034","19,688","20,329","21,047","21,719","22,529","22,744"
Balance Of County    ,"160,186","162,675","164,382","150,933","151,743","152,129","152,092","153,122","149,499","150,219","150,317","150,223"
,,,,,,,,,,,,
Stanislaus,,,,,,,,,,,,
Ceres               ,"26,413","27,616","28,678","29,795","30,382","31,371","32,055","32,768","33,398","33,801","34,528","34,609"
Hughson             ,"3,259","3,336","3,430","3,536","3,634","3,684","3,736","3,795","3,851","3,903","3,965","3,980"
Modesto             ,"164,746","169,333","173,456","176,173","177,613","177,791","178,467","179,932","181,674","184,136","187,816","188,861"
Newman              ,"4,158","4,683","4,963","5,385","5,820","6,032","6,098","6,184","6,298","6,553","6,988","7,092"
Oakdale             ,"11,978","12,346","13,098","13,554","14,266","14,259","14,573","14,800","14,953","15,152","15,442","15,503"
Patterson           ,"8,626","8,976","9,304","9,406","9,636","9,734","9,914","10,162","10,292","10,837","11,466","11,606"
Riverbank           ,"8,591","9,548","10,917","12,277","13,011","13,250","14,033","14,635","15,143","15,470","15,726","15,826"
Turlock             ,"42,224","43,832","45,651","47,041","48,181","49,664","50,337","51,254","52,227","53,635","55,395","55,811"
Waterford           ,"4,771","5,070","5,522","5,982","6,227","6,357","6,446","6,545","6,615","6,730","6,900","6,924"
Balance Of County    ,"95,756","96,118","97,708","98,440","99,505","100,875","101,829","103,109","104,603","105,913","106,741","106,785"
,,,,,,,,,,,,
Sutter,,,,,,,,,,,,
Live Oak            ,"4,320","4,543","4,842","4,976","5,282","5,536","5,698","5,865","5,971","6,090","6,209","6,229"
Yuba City           ,"27,385","28,728","30,180","31,385","33,395","34,071","34,543","35,030","35,574","36,040","36,631","36,758"
Balance Of County    ,"32,710","32,888","33,575","34,217","33,525","33,941","34,332","34,804","35,112","35,333","35,791","35,943"
,,,,,,,,,,,,
Tehama,,,,,,,,,,,,
Corning             ,"5,870","6,036","6,222","6,228","6,305","6,390","6,513","6,560","6,632","6,663","6,715","6,741"
Red Bluff           ,"12,363","12,535","12,727","12,760","12,760","13,152","13,116","13,042","13,056","13,092","13,118","13,147"
Tehama              ,401,397,397,409,416,427,429,426,428,427,431,432
Balance Of County    ,"30,991","31,762","32,838","33,591","34,035","34,230","34,550","34,895","35,169","35,277","35,611","35,719"
,,,,,,,,,,,,
Trinity,,,,,,,,,,,,
Balance Of County    ,"13,063","13,059","13,173","13,305","13,446","13,507","13,454","13,348","13,235","13,129","13,031","13,022"
,,,,,,,,,,,,
Tulare,,,,,,,,,,,,
Dinuba              ,"12,743","13,040","13,583","14,046","14,254","14,777","15,313","15,740","16,080","16,326","16,739","16,844"
Exeter              ,"7,276","7,382","7,654","7,948","8,124","8,556","8,613","8,561","8,871","9,027","9,119","9,168"
Farmersville        ,"6,235","6,343","6,717","6,945","7,186","7,340","7,738","8,030","8,229","8,426","8,686","8,737"
Lindsay             ,"8,338","8,500","8,781","9,028","9,204","9,393","9,558","9,729","9,907","10,079","10,242","10,297"
Porterville         ,"29,521","30,231","31,611","32,908","33,928","34,675","35,724","36,703","37,674","38,602","39,398","39,615"
Tulare              ,"33,249","34,146","36,420","38,008","39,090","40,062","41,066","41,778","42,384","43,115","43,782","43,994"
Visalia             ,"75,659","79,474","81,941","83,480","85,146","87,388","88,490","88,940","89,601","90,072","91,478","91,891"
Woodlake            ,"5,678","5,727","6,062","6,131","6,180","6,221","6,231","6,281","6,312","6,420","6,598","6,653"
Balance Of County    ,"133,222","133,617","135,227","136,941","138,364","139,127","139,177","139,357","139,610","140,101","140,724","140,822"
,,,,,,,,,,,,
Tuolumne,,,,,,,,,,,,
Sonora              ,"4,153","4,158","4,250","4,329","4,369","4,333","4,284","4,310","4,353","4,371","4,408","4,423"
Balance Of County    ,"44,303","45,404","46,506","47,322","48,033","48,069","48,122","48,651","49,288","49,666","49,966","50,081"
,,,,,,,,,,,,
Ventura,,,,,,,,,,,,
Camarillo           ,"52,297","53,025","53,946","53,704","53,401","54,233","54,143","54,449","55,167","55,878","57,010","57,084"
Fillmore            ,"11,992","12,054","12,426","12,744","12,899","12,779","12,917","13,134","13,339","13,500","13,599","13,643"
Moorpark            ,"25,494","25,854","26,321","26,851","27,462","27,768","28,531","29,651","30,600","31,031","31,339","31,415"
Ojai                ,"7,613","7,565","7,644","7,654","7,677","7,806","7,791","7,829","7,855","7,867","7,873","7,862"
Oxnard              ,"142,560","143,869","147,560","150,292","153,403","155,704","157,494","159,728","162,918","166,079","169,061","170,358"
Port Hueneme        ,"20,322","20,097","19,584","19,789","21,008","20,573","21,189","21,518","21,299","21,203","21,893","21,845"
San Buenaventura    ,"92,557","92,630","93,356","94,256","94,810","97,393","98,159","98,770","99,350","99,959","100,868","100,916"
Santa Paula         ,"25,062","25,442","25,944","26,789","27,038","27,186","27,292","27,556","27,927","28,294","28,564","28,598"
Simi Valley         ,"100,218","100,083","100,844","101,123","101,599","100,453","101,216","102,668","104,203","106,881","110,732","111,351"
Thousand Oaks       ,"104,381","104,763","105,257","106,755","107,338","108,303","108,884","110,506","112,340","113,810","116,535","117,005"
Balance Of County    ,"86,520","87,669","88,750","90,085","90,545","90,632","90,156","90,253","90,392","91,458","92,266","93,120"
,,,,,,,,,,,,
Yolo,,,,,,,,,,,,
Davis               ,"46,322","47,055","48,876","50,124","51,071","52,523","53,543","54,451","55,920","57,256","59,796","60,308"
West Sacramento     ,"28,898","29,407","30,054","30,382","30,255","30,372","30,675","30,830","30,888","30,946","31,476","31,615"
Winters             ,"4,639","4,743","4,936","4,989","5,108","5,278","5,506","5,627","5,691","5,837","6,044","6,125"
Woodland            ,"40,230","40,835","41,895","42,251","42,831","43,788","45,028","46,108","46,975","48,075","48,879","49,155"
Balance Of County    ,"21,121","21,785","21,451","21,287","21,123","20,963","20,958","21,295","21,259","21,377","21,356","21,457"
,,,,,,,,,,,,
Yuba,,,,,,,,,,,,
Marysville          ,"12,324","12,362","12,574","12,494","12,506","12,488","12,535","12,489","12,382","12,282","12,290","12,268"
Wheatland           ,"1,631","1,732","1,844","1,933","1,998","2,092","2,130","2,178","2,219","2,224","2,269","2,272"
Balance Of County    ,"44,273","45,258","46,310","47,067","47,302","47,347","47,091","47,166","46,818","46,000","45,661","45,679"
,,,,,,,,,,,,
Notes:  *  Indicates City not yet incorporated. ,,,,,,,,,,,,