,"Table 2: E-4 Population Estimates for Cities, Counties, and State",,,,,,,,
,2011-2018 with 2010 Benchmark,,,,,,,,
,,,,,,,,,
COUNTY/CITY,4/1/10,1/1/11,1/1/12,1/1/13,1/1/14,1/1/15,1/1/16,1/1/17,1/1/18
,,,,,,,,,
California,,,,,,,,,
Incorporated Total,"30,764,188","31,064,551","31,474,969","31,823,911","32,120,874","32,429,156","32,677,917","32,957,372","33,235,160"
Balance Of State Total,"6,489,768","6,465,362","6,400,008","6,410,480","6,447,754","6,483,308","6,501,710","6,543,601","6,574,533"
State Total,"37,253,956","37,529,913","37,874,977","38,234,391","38,568,628","38,912,464","39,179,627","39,500,973","39,809,693"
,,,,,,,,,
Alameda County,,,,,,,,,
Alameda             ,"73,812","74,100","74,728","75,460","76,058","76,489","77,969","78,575","78,863"
Albany              ,"18,539","18,354","18,503","18,497","18,482","18,540","18,561","18,646","19,053"
Berkeley            ,"112,580","114,002","114,966","116,206","117,498","118,543","119,435","120,700","121,874"
Dublin              ,"46,036","46,418","47,267","50,620","54,136","56,693","58,142","60,487","63,241"
Emeryville          ,"10,080","10,235","10,484","10,626","10,854","11,057","11,866","11,995","11,994"
Fremont             ,"214,089","216,433","220,032","223,290","226,869","229,582","231,647","233,893","235,439"
Hayward             ,"144,186","146,357","149,965","152,491","154,641","157,409","159,465","161,455","162,030"
Livermore           ,"80,968","81,898","83,184","84,486","85,819","87,090","88,974","90,454","91,411"
Newark              ,"42,573","42,821","43,305","43,780","44,170","44,529","44,997","45,668","47,467"
Oakland             ,"390,724","397,235","399,775","406,536","411,636","420,269","424,471","427,503","428,827"
Piedmont            ,"10,667","10,733","10,857","10,981","11,080","11,169","11,250","11,309","11,318"
Pleasanton          ,"70,285","70,565","71,312","72,145","73,079","74,639","75,838","76,748","79,201"
San Leandro         ,"84,950","84,773","85,346","86,042","86,554","86,893","86,961","87,376","87,598"
Union City          ,"69,516","69,666","70,440","71,318","71,850","72,103","72,518","72,975","72,991"
Balance Of County    ,"141,266","141,867","143,201","144,689","145,850","146,765","147,644","148,621","148,895"
Incorporated,"1,369,005","1,383,590","1,400,164","1,422,478","1,442,726","1,465,005","1,482,094","1,497,784","1,511,307"
County Total,"1,510,271","1,525,457","1,543,365","1,567,167","1,588,576","1,611,770","1,629,738","1,646,405","1,660,202"
,,,,,,,,,
Alpine County,,,,,,,,,
County Total,"1,175","1,169","1,166","1,164","1,163","1,163","1,160","1,156","1,154"
,,,,,,,,,
Amador County,,,,,,,,,
Amador              ,185,184,184,185,188,188,189,190,186
Ione                ,"7,918","7,521","7,334","6,914","6,976","6,963","6,945","7,683","8,058"
Jackson             ,"4,651","4,644","4,685","4,704","4,783","4,805","4,779","4,761","4,679"
Plymouth            ,"1,005","1,004","1,008","1,011","1,027","1,013","1,012","1,010","1,002"
Sutter Creek        ,"2,501","2,495","2,478","2,481","2,515","2,492","2,476","2,505","2,479"
Balance Of County    ,"21,831","21,868","21,962","22,009","22,326","22,304","22,266","22,233","21,690"
Incorporated,"16,260","15,848","15,689","15,295","15,489","15,461","15,401","16,149","16,404"
County Total,"38,091","37,716","37,651","37,304","37,815","37,765","37,667","38,382","38,094"
,,,,,,,,,
Butte County,,,,,,,,,
Biggs               ,"1,707","1,721","1,718","1,722","1,718","1,785","1,917","1,913","1,913"
Chico               ,"86,187","86,847","87,587","88,109","88,867","89,752","90,203","91,398","92,348"
Gridley             ,"6,584","6,635","6,653","6,840","6,869","6,917","6,919","6,930","6,937"
Oroville            ,"15,546","15,429","15,455","15,890","15,902","16,056","17,853","18,008","18,144"
Paradise            ,"26,218","25,900","25,796","25,822","25,883","25,907","25,830","26,228","26,572"
Balance Of County    ,"83,758","84,179","83,891","83,802","83,898","83,868","81,710","81,926","81,707"
Incorporated,"136,242","136,532","137,209","138,383","139,239","140,417","142,722","144,477","145,914"
County Total,"220,000","220,711","221,100","222,185","223,137","224,285","224,432","226,403","227,621"
,,,,,,,,,
Calaveras County,,,,,,,,,
Angels City,"3,836","3,939","3,916","3,936","3,960","4,086","4,178","4,108","4,121"
Balance Of County    ,"41,742","41,601","41,580","41,488","41,398","41,181","41,068","41,067","41,036"
Incorporated,"3,836","3,939","3,916","3,936","3,960","4,086","4,178","4,108","4,121"
County Total,"45,578","45,540","45,496","45,424","45,358","45,267","45,246","45,175","45,157"
,,,,,,,,,
Colusa County,,,,,,,,,
Colusa              ,"5,971","5,980","6,025","6,032","6,202","6,226","6,231","6,257","6,241"
Williams            ,"5,123","5,196","5,235","5,275","5,405","5,368","5,353","5,365","5,465"
Balance Of County    ,"10,325","10,344","10,359","10,391","10,187","10,279","10,381","10,428","10,392"
Incorporated,"11,094","11,176","11,260","11,307","11,607","11,594","11,584","11,622","11,706"
County Total,"21,419","21,520","21,619","21,698","21,794","21,873","21,965","22,050","22,098"
,,,,,,,,,
Contra Costa County,,,,,,,,,
Antioch             ,"102,372","103,868","105,951","107,544","109,275","110,698","112,177","112,280","113,061"
Brentwood           ,"51,481","52,192","53,079","54,022","55,614","57,588","59,484","61,383","63,042"
Clayton             ,"10,897","10,897","10,920","11,041","11,146","11,188","11,234","11,342","11,431"
Concord             ,"122,067","123,297","123,803","124,732","125,610","126,433","127,926","128,282","129,159"
Danville            ,"42,039","41,884","42,076","42,387","42,753","43,161","43,458","44,048","44,396"
El Cerrito          ,"23,549","23,585","23,689","23,887","24,071","24,204","24,455","24,674","24,939"
Hercules            ,"24,060","24,214","24,470","24,704","24,920","25,206","25,512","26,185","26,317"
Lafayette           ,"23,893","23,904","24,017","24,215","24,550","24,902","25,078","25,416","25,655"
Martinez            ,"35,824","35,968","36,110","36,554","36,829","37,264","37,415","37,831","38,097"
Moraga              ,"16,016","16,097","16,234","16,376","16,507","16,658","16,776","16,866","16,991"
Oakley,"35,432","36,266","36,770","37,705","38,661","39,729","40,459","41,116","41,742"
Orinda              ,"17,643","17,688","17,803","17,961","18,137","18,637","18,821","19,012","19,199"
Pinole              ,"18,390","18,397","18,479","18,627","18,756","18,839","18,924","19,101","19,236"
Pittsburg           ,"63,264","64,483","65,407","66,499","67,849","68,895","70,233","71,342","72,647"
Pleasant Hill       ,"33,152","33,306","33,579","33,894","34,178","34,503","34,745","34,944","35,068"
Richmond            ,"103,701","105,130","105,553","106,812","107,735","108,480","109,794","110,114","110,967"
San Pablo           ,"29,139","29,202","29,353","29,697","30,011","30,616","31,126","31,383","31,593"
San Ramon           ,"72,148","72,997","74,588","76,459","77,459","78,561","79,567","81,354","82,643"
Walnut Creek        ,"64,173","65,092","65,560","66,350","67,039","68,128","69,736","70,558","70,667"
Balance Of County    ,"159,785","161,090","162,999","164,471","166,918","168,638","170,359","172,082","172,513"
Incorporated,"889,240","898,467","907,441","919,466","931,100","943,690","956,920","967,231","976,850"
County Total,"1,049,025","1,059,557","1,070,440","1,083,937","1,098,018","1,112,328","1,127,279","1,139,313","1,149,363"
,,,,,,,,,
Del Norte County,,,,,,,,,
Crescent City       ,"7,643","7,442","7,310","7,054","6,703","6,570","6,388","6,178","6,590"
Balance Of County    ,"20,967","20,921","20,901","20,738","20,640","20,383","20,568","20,882","20,631"
Incorporated,"7,643","7,442","7,310","7,054","6,703","6,570","6,388","6,178","6,590"
County Total,"28,610","28,363","28,211","27,792","27,343","26,953","26,956","27,060","27,221"
,,,,,,,,,
El Dorado County,,,,,,,,,
Placerville         ,"10,389","10,341","10,350","10,310","10,450","10,439","10,443","10,568","10,642"
South Lake Tahoe    ,"21,403","20,922","20,800","20,574","20,598","20,606","20,599","21,068","21,892"
Balance Of County    ,"149,266","149,964","150,037","149,845","150,982","152,127","153,419","154,587","155,865"
Incorporated,"31,792","31,263","31,150","30,884","31,048","31,045","31,042","31,636","32,534"
County Total,"181,058","181,227","181,187","180,729","182,030","183,172","184,461","186,223","188,399"
,,,,,,,,,
Fresno County,,,,,,,,,
Clovis              ,"95,631","97,127","98,947","100,559","102,442","105,220","107,958","110,532","113,883"
Coalinga            ,"18,087","17,990","16,766","16,695","16,383","16,484","16,654","16,987","16,791"
Firebaugh           ,"7,549","7,714","7,881","7,913","7,951","8,101","8,095","8,047","8,112"
Fowler              ,"5,570","5,674","5,680","5,726","5,777","5,841","5,918","6,092","6,241"
Fresno              ,"494,665","499,751","508,483","513,371","519,157","524,938","529,552","533,670","538,330"
Huron               ,"6,754","6,787","6,815","6,836","6,867","6,895","7,009","7,274","7,302"
Kerman              ,"13,544","13,731","13,973","14,289","14,354","14,423","14,507","14,743","15,083"
Kingsburg           ,"11,382","11,531","11,651","11,742","11,809","11,959","12,025","12,215","12,392"
Mendota             ,"11,014","11,124","11,330","11,383","11,409","11,418","11,560","11,704","12,051"
Orange Cove         ,"9,078","9,108","9,163","9,194","9,196","9,117","9,141","9,279","9,469"
Parlier             ,"14,494","14,540","14,640","14,689","14,755","14,815","15,112","15,283","15,493"
Reedley             ,"24,194","24,512","24,785","25,200","25,286","25,875","25,935","26,023","26,390"
Sanger              ,"24,270","24,441","24,677","24,794","24,912","25,286","25,878","26,249","26,648"
San Joaquin         ,"4,001","4,018","4,037","4,043","4,056","4,068","4,076","4,095","4,119"
Selma               ,"23,219","23,346","23,704","23,864","23,956","24,027","24,288","24,585","24,742"
Balance Of County    ,"166,998","166,770","164,884","165,647","166,301","166,576","166,829","168,455","170,183"
Incorporated,"763,452","771,394","782,532","790,298","798,310","808,467","817,708","826,778","837,046"
County Total,"930,450","938,164","947,416","955,945","964,611","975,043","984,537","995,233","1,007,229"
,,,,,,,,,
Glenn County,,,,,,,,,
Orland              ,"7,291","7,485","7,552","7,604","7,677","7,714","7,716","7,844","7,932"
Willows             ,"6,166","6,078","6,089","6,102","6,094","6,016","6,074","6,066","6,064"
Balance Of County    ,"14,665","14,671","14,671","14,718","14,726","14,834","14,849","14,820","14,800"
Incorporated,"13,457","13,563","13,641","13,706","13,771","13,730","13,790","13,910","13,996"
County Total,"28,122","28,234","28,312","28,424","28,497","28,564","28,639","28,730","28,796"
,,,,,,,,,
Humboldt County,,,,,,,,,
Arcata              ,"17,231","17,889","17,968","17,962","17,943","18,122","18,242","18,388","18,398"
Blue Lake           ,"1,253","1,281","1,278","1,280","1,281","1,299","1,306","1,301","1,280"
Eureka              ,"27,191","27,039","26,887","26,705","26,635","26,355","26,348","26,500","26,362"
Ferndale            ,"1,371","1,377","1,374","1,369","1,366","1,370","1,367","1,373","1,367"
Fortuna             ,"11,926","11,945","11,877","11,829","11,885","11,914","11,907","12,008","12,042"
Rio Dell            ,"3,368","3,375","3,344","3,337","3,333","3,326","3,322","3,355","3,348"
Trinidad            ,367,360,347,344,339,330,325,335,340
Balance Of County    ,"71,916","72,425","72,261","72,195","72,195","72,467","72,600","73,170","72,865"
Incorporated,"62,707","63,266","63,075","62,826","62,782","62,716","62,817","63,260","63,137"
County Total,"134,623","135,691","135,336","135,021","134,977","135,183","135,417","136,430","136,002"
,,,,,,,,,
Imperial County,,,,,,,,,
Brawley             ,"24,953","25,355","25,750","25,995","26,181","26,526","26,837","27,116","27,417"
Calexico            ,"38,572","38,892","39,367","39,931","40,218","40,329","40,436","40,732","41,199"
Calipatria          ,"7,705","7,655","7,963","7,080","7,483","7,387","7,486","7,537","7,488"
El Centro           ,"42,598","43,130","43,645","44,215","44,494","44,941","45,221","45,413","46,315"
Holtville           ,"5,939","5,950","6,060","6,092","6,116","6,211","6,228","6,349","6,501"
Imperial            ,"14,758","15,048","15,360","16,008","16,665","17,267","17,897","18,341","19,372"
Westmorland         ,"2,225","2,237","2,245","2,259","2,260","2,256","2,257","2,279","2,325"
Balance Of County    ,"37,778","38,073","38,543","38,599","38,589","39,652","39,657","40,154","40,007"
Incorporated,"136,750","138,267","140,390","141,580","143,417","144,917","146,362","147,767","150,617"
County Total,"174,528","176,340","178,933","180,179","182,006","184,569","186,019","187,921","190,624"
,,,,,,,,,
Inyo County,,,,,,,,,
Bishop              ,"3,879","3,884","3,903","3,906","3,915","3,929","3,949","3,937","3,922"
Balance Of County    ,"14,667","14,666","14,640","14,651","14,698","14,634","14,683","14,661","14,655"
Incorporated,"3,879","3,884","3,903","3,906","3,915","3,929","3,949","3,937","3,922"
County Total,"18,546","18,550","18,543","18,557","18,613","18,563","18,632","18,598","18,577"
,,,,,,,,,
Kern County,,,,,,,,,
Arvin               ,"19,304","19,616","20,178","20,364","20,488","20,673","21,179","21,312","21,696"
Bakersfield         ,"347,483","350,764","357,408","363,128","368,249","373,456","377,791","382,570","386,839"
California City     ,"14,120","12,917","13,598","13,555","13,614","14,495","14,307","14,619","14,875"
Delano              ,"53,041","53,103","52,141","52,186","52,422","52,399","52,576","52,953","53,276"
Maricopa            ,"1,154","1,131","1,138","1,134","1,137","1,106","1,106","1,131","1,156"
Mcfarland           ,"12,707","12,697","12,374","12,643","13,702","14,098","14,503","14,826","15,105"
Ridgecrest          ,"27,616","27,722","27,925","28,204","28,202","28,127","28,171","28,427","28,822"
Shafter             ,"16,988","17,062","16,654","16,743","16,977","17,448","17,546","18,516","19,271"
Taft                ,"9,327","9,289","8,938","8,959","8,933","9,504","9,388","9,446","9,482"
Tehachapi           ,"14,414","14,342","13,697","13,129","13,056","12,707","12,119","12,325","12,299"
Wasco               ,"25,545","25,926","25,472","25,913","26,185","26,371","26,521","27,056","27,691"
Balance Of County    ,"297,932","300,995","304,284","307,766","308,838","309,962","310,946","312,920","315,289"
Incorporated,"541,699","544,569","549,523","555,958","562,965","570,384","575,207","583,181","590,512"
County Total,"839,631","845,564","853,807","863,724","871,803","880,346","886,153","896,101","905,801"
,,,,,,,,,
Kings County,,,,,,,,,
Avenal              ,"15,505","14,852","14,652","13,922","12,975","12,799","12,087","12,255","13,053"
Corcoran            ,"24,813","23,944","23,511","23,000","22,466","22,096","22,492","21,560","21,450"
Hanford             ,"53,967","54,366","55,094","55,317","55,618","56,474","56,819","57,482","58,176"
Lemoore             ,"24,531","24,476","24,594","24,948","25,169","25,306","25,648","25,681","25,892"
Balance Of County    ,"34,166","33,698","33,532","33,311","33,526","33,055","32,698","32,581","33,091"
Incorporated,"118,816","117,638","117,851","117,187","116,228","116,675","117,046","116,978","118,571"
County Total,"152,982","151,336","151,383","150,498","149,754","149,730","149,744","149,559","151,662"
,,,,,,,,,
Lake County,,,,,,,,,
Clearlake           ,"15,250","15,564","15,552","15,625","15,687","16,057","16,242","16,151","15,917"
Lakeport            ,"4,753","4,834","4,829","4,857","4,975","5,097","5,151","5,125","5,134"
Balance Of County    ,"44,662","44,423","44,348","44,281","44,189","43,992","43,348","43,464","44,030"
Incorporated,"20,003","20,398","20,381","20,482","20,662","21,154","21,393","21,276","21,051"
County Total,"64,665","64,821","64,729","64,763","64,851","65,146","64,741","64,740","65,081"
,,,,,,,,,
Lassen County,,,,,,,,,
Susanville          ,"17,947","17,335","16,500","15,527","15,375","14,992","14,417","14,815","14,954"
Balance Of County    ,"16,948","17,318","17,393","17,268","16,607","16,616","16,405","15,846","15,957"
Incorporated,"17,947","17,335","16,500","15,527","15,375","14,992","14,417","14,815","14,954"
County Total,"34,895","34,653","33,893","32,795","31,982","31,608","30,822","30,661","30,911"
,,,,,,,,,
Los Angeles County,,,,,,,,,
Agoura Hills        ,"20,330","20,437","20,566","20,666","20,747","20,844","20,887","20,858","20,878"
Alhambra            ,"83,089","83,348","83,992","84,476","84,732","85,393","85,628","86,420","86,665"
Arcadia             ,"56,364","56,095","56,389","56,529","56,907","57,042","57,304","57,506","57,704"
Artesia             ,"16,522","16,534","16,635","16,697","16,745","16,784","16,744","16,781","16,792"
Avalon              ,"3,728","3,787","3,815","3,834","3,855","3,866","3,871","3,860","3,867"
Azusa               ,"46,361","46,188","46,641","47,512","48,152","49,086","49,251","49,606","49,954"
Baldwin Park        ,"75,390","75,116","75,683","75,944","76,022","76,183","76,116","76,463","76,708"
Bell                ,"35,477","35,719","35,935","36,128","36,290","36,378","36,408","36,297","36,325"
Bellflower          ,"76,610","76,464","76,932","77,145","77,335","77,532","77,433","77,466","77,682"
Bell Gardens        ,"42,072","42,235","42,501","42,690","42,850","42,969","42,973","42,971","43,051"
Beverly Hills       ,"34,109","33,991","34,251","34,361","34,407","34,486","34,464","34,443","34,504"
Bradbury            ,"1,048","1,044","1,055","1,057","1,058","1,061","1,058","1,068","1,069"
Burbank             ,"103,340","104,783","105,461","106,085","106,581","106,892","106,995","107,029","107,149"
Calabasas           ,"23,058","23,099","23,772","23,863","23,945","24,162","24,113","24,183","24,296"
Carson              ,"91,714","91,577","92,333","92,640","92,904","93,220","93,233","93,453","93,799"
Cerritos            ,"49,047","48,841","49,140","49,245","49,305","49,424","49,405","50,025","50,058"
Claremont           ,"34,926","34,973","35,377","35,780","35,864","36,161","36,158","36,293","36,446"
Commerce            ,"12,823","12,858","12,937","12,991","13,033","13,061","13,060","13,061","13,067"
Compton             ,"96,455","97,716","98,363","99,025","99,605","99,820","99,703","99,751","99,872"
Covina              ,"47,796","47,963","48,322","48,616","48,789","48,941","48,905","48,901","49,006"
Cudahy              ,"23,805","23,928","24,077","24,196","24,293","24,368","24,374","24,328","24,343"
Culver City         ,"38,883","39,018","39,254","39,444","39,750","39,859","39,893","39,847","39,860"
Diamond Bar         ,"55,544","55,748","56,095","56,328","56,510","56,653","57,069","57,245","57,460"
Downey              ,"111,772","111,923","112,606","113,028","113,349","113,636","113,521","113,670","114,146"
Duarte              ,"21,321","21,421","21,564","21,704","21,788","21,914","22,034","21,999","22,013"
El Monte            ,"113,475","114,193","114,922","115,487","116,012","116,472","116,927","116,942","117,204"
El Segundo          ,"16,654","16,565","16,665","16,692","16,706","16,774","16,756","16,777","16,784"
Gardena             ,"58,829","59,164","59,593","60,041","60,488","60,692","60,918","60,987","61,246"
Glendale            ,"191,719","192,916","194,119","195,110","197,010","199,953","200,889","201,705","205,536"
Glendora            ,"50,073","50,461","50,829","51,159","51,746","51,808","51,932","52,452","52,703"
Hawaiian Gardens    ,"14,254","14,351","14,438","14,518","14,589","14,649","14,680","14,625","14,666"
Hawthorne           ,"84,293","85,267","85,909","86,400","87,533","88,365","88,661","88,706","88,772"
Hermosa Beach       ,"19,506","19,607","19,728","19,808","19,879","19,859","19,815","19,684","19,673"
Hidden Hills        ,"1,856","1,853","1,861","1,873","1,877","1,873","1,877","1,900","1,892"
Huntington Park     ,"58,114","58,520","58,879","59,205","59,569","59,724","59,617","59,425","59,473"
Industry            ,451,438,436,436,436,436,435,437,437
Inglewood           ,"109,673","110,781","111,961","112,659","113,294","113,584","113,452","113,476","113,559"
Irwindale           ,"1,422","1,403","1,401","1,431","1,432","1,435","1,391","1,414","1,450"
La Canada Flintridge,"20,246","20,339","20,482","20,583","20,648","20,661","20,673","20,638","20,683"
La Habra Heights    ,"5,325","5,326","5,368","5,386","5,412","5,419","5,415","5,453","5,454"
Lakewood            ,"80,048","79,886","80,429","80,658","80,824","81,018","81,057","81,126","81,179"
La Mirada           ,"48,527","48,715","48,999","49,216","49,388","49,630","49,610","49,558","49,590"
Lancaster           ,"156,633","157,904","158,742","159,470","160,449","161,014","161,244","161,148","161,485"
La Puente           ,"39,816","39,883","40,154","40,343","40,505","40,629","40,576","40,640","40,686"
La Verne            ,"31,063","31,146","31,615","32,170","32,292","33,039","33,037","33,169","33,260"
Lawndale            ,"32,769","32,941","33,148","33,316","33,445","33,548","33,557","33,580","33,607"
Lomita              ,"20,256","20,189","20,372","20,438","20,471","20,528","20,504","20,659","20,715"
Long Beach          ,"462,257","466,983","470,217","473,818","475,541","476,892","477,015","477,628","478,561"
Los Angeles         ,"3,792,621","3,818,303","3,852,940","3,891,254","3,926,990","3,959,840","3,985,114","4,021,488","4,054,400"
Lynwood             ,"69,772","69,846","70,526","71,306","71,587","71,840","71,735","71,895","72,015"
Malibu              ,"12,645","12,676","12,757","12,812","12,884","12,927","12,935","12,939","12,957"
Manhattan Beach     ,"35,135","35,202","35,412","35,543","35,597","35,718","35,671","35,961","35,991"
Maywood             ,"27,395","27,596","27,733","27,885","28,013","28,080","28,119","28,021","28,044"
Monrovia            ,"36,590","36,763","37,001","37,215","37,383","37,546","37,683","38,735","38,787"
Montebello          ,"62,500","62,656","63,054","63,293","63,469","63,908","63,890","64,142","64,327"
Monterey Park       ,"60,269","60,307","61,346","61,553","61,722","61,870","61,796","62,154","62,240"
Norwalk             ,"105,549","105,926","106,403","106,744","107,111","107,411","107,342","107,251","107,546"
Palmdale            ,"152,750","154,309","155,501","156,514","157,628","158,644","158,635","158,658","158,905"
Palos Verdes Estates,"13,438","13,323","13,430","13,445","13,491","13,527","13,514","13,508","13,519"
Paramount           ,"54,098","54,518","54,922","55,219","55,620","55,749","55,834","55,909","56,000"
Pasadena            ,"137,122","138,036","139,050","139,477","140,042","140,353","140,949","143,379","144,388"
Pico Rivera         ,"62,942","63,131","63,509","63,833","64,048","64,220","64,150","64,170","64,260"
Pomona              ,"149,058","151,015","152,143","153,462","154,370","154,759","154,717","154,718","155,687"
Rancho Palos Verdes ,"41,643","41,731","42,083","42,258","42,408","42,521","42,459","42,628","42,723"
Redondo Beach       ,"66,748","67,238","67,631","68,053","68,321","68,548","68,514","68,602","68,677"
Rolling Hills       ,"1,860","1,884","1,901","1,914","1,925","1,930","1,938","1,938","1,939"
Rolling Hills Estates,"8,067","8,026","8,073","8,090","8,096","8,116","8,105","8,106","8,111"
Rosemead            ,"53,764","54,006","54,427","54,670","54,850","54,988","54,926","54,940","55,267"
San Dimas           ,"33,371","33,318","33,522","33,638","33,910","34,476","34,441","34,471","34,507"
San Fernando        ,"23,645","23,690","23,855","24,157","24,246","24,528","24,522","24,560","24,602"
San Gabriel         ,"39,718","39,565","39,862","39,977","39,972","40,087","40,090","40,781","40,920"
San Marino          ,"13,147","13,124","13,204","13,227","13,276","13,319","13,251","13,255","13,272"
Santa Clarita       ,"176,320","177,639","179,063","206,542","208,097","209,274","209,736","215,348","216,589"
Santa Fe Springs    ,"16,223","16,512","16,665","16,974","17,498","17,742","18,213","18,217","18,335"
Santa Monica        ,"89,736","89,186","89,696","90,142","90,793","91,671","91,729","92,305","92,416"
Sierra Madre        ,"10,917","10,881","10,954","10,985","11,012","11,028","10,972","10,973","10,986"
Signal Hill         ,"11,016","11,056","11,172","11,247","11,411","11,560","11,536","11,555","11,749"
South El Monte      ,"20,116","20,100","20,224","20,310","20,359","20,727","20,793","20,864","20,882"
South Gate          ,"94,396","95,041","95,192","96,036","96,905","97,189","97,958","98,047","98,133"
South Pasadena      ,"25,619","25,608","25,776","25,864","25,938","26,045","26,018","26,026","26,047"
Temple City         ,"35,558","35,584","35,846","35,997","36,080","36,140","36,220","36,236","36,411"
Torrance            ,"145,438","146,252","147,215","147,952","148,604","148,986","149,120","149,157","149,245"
Vernon              ,112,120,121,122,122,122,209,209,209
Walnut              ,"29,172","29,337","29,715","29,948","30,020","30,100","30,106","30,151","30,457"
West Covina         ,"106,098","106,188","107,062","107,454","107,753","108,083","108,250","108,289","108,245"
West Hollywood      ,"34,399","34,578","34,808","34,936","35,065","35,737","35,647","35,818","36,723"
Westlake Village    ,"8,270","8,251","8,301","8,323","8,338","8,358","8,350","8,353","8,358"
Whittier            ,"85,331","85,665","86,193","86,598","86,902","87,122","87,088","87,117","87,369"
Balance Of County    ,"1,057,194","1,059,978","1,067,543","1,045,429","1,052,240","1,057,135","1,057,256","1,054,744","1,057,162"
Incorporated,"8,761,411","8,811,824","8,882,251","8,975,170","9,036,218","9,092,526","9,122,913","9,176,527","9,226,567"
County Total,"9,818,605","9,871,802","9,949,794","10,020,599","10,088,458","10,149,661","10,180,169","10,231,271","10,283,729"
,,,,,,,,,
Madera County,,,,,,,,,
Chowchilla          ,"18,720","18,679","17,650","17,221","18,774","18,419","18,111","18,514","18,835"
Madera              ,"61,416","61,579","62,199","62,434","62,699","63,752","64,169","65,172","66,225"
Balance Of County    ,"70,729","70,927","71,530","71,683","71,751","72,656","72,626","73,277","73,834"
Incorporated,"80,136","80,258","79,849","79,655","81,473","82,171","82,280","83,686","85,060"
County Total,"150,865","151,185","151,379","151,338","153,224","154,827","154,906","156,963","158,894"
,,,,,,,,,
Marin County,,,,,,,,,
Belvedere           ,"2,068","2,070","2,081","2,094","2,112","2,117","2,129","2,131","2,135"
Corte Madera        ,"9,253","9,292","9,376","9,430","9,537","9,583","9,631","9,625","10,039"
Fairfax             ,"7,441","7,382","7,445","7,463","7,512","7,549","7,528","7,533","7,534"
Larkspur            ,"11,926","11,918","11,959","12,014","12,134","12,226","12,312","12,325","12,351"
Mill Valley         ,"13,903","14,103","14,404","14,537","14,745","14,936","15,024","14,956","14,963"
Novato              ,"51,904","52,236","52,764","53,374","54,068","54,429","54,593","54,516","54,551"
Ross                ,"2,415","2,429","2,452","2,478","2,506","2,522","2,538","2,536","2,533"
San Anselmo         ,"12,336","12,419","12,575","12,663","12,818","12,928","13,017","12,982","13,000"
San Rafael          ,"57,713","58,108","58,751","59,183","59,885","60,318","60,551","60,661","60,651"
Sausalito           ,"7,061","7,030","7,088","7,113","7,188","7,189","7,227","7,234","7,226"
Tiburon             ,"8,962","9,076","9,254","9,333","9,462","9,602","9,644","9,647","9,648"
Balance Of County    ,"67,427","68,028","67,843","67,840","68,655","69,010","69,016","69,116","69,255"
Incorporated,"184,982","186,063","188,149","189,682","191,967","193,399","194,194","194,146","194,631"
County Total,"252,409","254,691","255,992","257,522","260,622","262,409","263,210","263,262","263,886"
,,,,,,,,,
Mariposa County,,,,,,,,,
County Total,"18,251","18,251","18,249","18,195","18,218","18,172","18,167","18,137","18,129"
,,,,,,,,,
Mendocino County,,,,,,,,,
Fort Bragg          ,"7,273","7,285","7,275","7,326","7,313","7,377","7,440","7,449","7,512"
Point Arena         ,449,439,438,438,437,427,429,437,448
Ukiah               ,"16,075","15,779","15,842","15,887","15,845","15,785","15,796","15,889","16,226"
Willits             ,"4,888","4,901","4,942","4,980","4,994","5,028","5,088","5,092","5,128"
Balance Of County    ,"59,156","59,038","59,157","59,575","59,605","59,598","59,968","60,225","59,985"
Incorporated,"28,685","28,404","28,497","28,631","28,589","28,617","28,753","28,867","29,314"
County Total,"87,841","87,442","87,654","88,206","88,194","88,215","88,721","89,092","89,299"
,,,,,,,,,
Merced County,,,,,,,,,
Atwater             ,"28,168","28,525","29,234","29,472","29,595","30,023","30,490","30,684","31,235"
Dos Palos           ,"4,950","5,034","5,144","5,190","5,212","5,309","5,446","5,491","5,679"
Gustine             ,"5,520","5,547","5,583","5,623","5,634","5,663","5,734","5,782","5,874"
Livingston          ,"13,058","13,249","13,407","13,489","13,705","13,762","13,849","13,972","14,328"
Los Banos           ,"35,972","36,911","37,647","37,992","38,182","38,838","39,660","40,009","40,986"
Merced              ,"78,958","79,882","81,216","82,157","82,711","83,945","85,003","85,953","86,750"
Balance Of County    ,"89,167","89,640","89,869","90,464","91,489","91,571","91,318","93,213","95,125"
Incorporated,"166,626","169,148","172,231","173,923","175,039","177,540","180,182","181,891","184,852"
County Total,"255,793","258,788","262,100","264,387","266,528","269,111","271,500","275,104","279,977"
,,,,,,,,,
Modoc County,,,,,,,,,
Alturas             ,"2,827","2,857","2,856","2,852","2,868","2,887","2,900","2,844","2,868"
Balance Of County    ,"6,859","6,861","6,803","6,794","6,768","6,730","6,725","6,718","6,744"
Incorporated,"2,827","2,857","2,856","2,852","2,868","2,887","2,900","2,844","2,868"
County Total,"9,686","9,718","9,659","9,646","9,636","9,617","9,625","9,562","9,612"
,,,,,,,,,
Mono County,,,,,,,,,
Mammoth Lakes       ,"8,234","8,339","8,314","8,214","8,189","8,301","8,299","8,305","8,316"
Balance Of County    ,"5,968","5,938","5,942","5,817","5,746","5,567","5,377","5,454","5,506"
Incorporated,"8,234","8,339","8,314","8,214","8,189","8,301","8,299","8,305","8,316"
County Total,"14,202","14,277","14,256","14,031","13,935","13,868","13,676","13,759","13,822"
,,,,,,,,,
Monterey County,,,,,,,,,
Carmel-By-The-Sea   ,"3,722","3,693","3,723","3,754","3,735","3,720","3,716","3,744","3,750"
Del Rey Oaks        ,"1,624","1,627","1,638","1,654","1,660","1,663","1,677","1,693","1,692"
Gonzales            ,"8,187","8,218","8,284","8,370","8,406","8,440","8,521","8,593","8,587"
Greenfield          ,"16,330","16,421","16,607","16,958","17,053","17,161","17,628","18,016","18,007"
King City           ,"12,874","13,130","13,493","13,697","13,815","14,370","14,720","14,802","14,880"
Marina              ,"19,718","19,746","20,016","20,229","20,302","21,039","21,595","22,143","22,424"
Monterey            ,"27,810","27,830","28,088","28,004","27,914","27,946","28,058","28,412","28,323"
Pacific Grove       ,"15,041","14,928","15,120","15,223","15,237","15,348","15,382","15,671","15,660"
Salinas             ,"150,441","152,151","154,418","156,716","158,152","159,308","161,273","161,521","161,784"
Sand City           ,334,336,340,343,347,369,375,377,394
Seaside             ,"33,025","32,856","33,352","33,757","33,796","34,189","34,165","34,185","34,270"
Soledad             ,"25,738","26,365","26,463","25,799","25,294","25,056","25,888","26,316","26,246"
Balance Of County    ,"100,213","100,591","101,530","102,643","103,597","104,131","105,177","106,676","107,264"
Incorporated,"314,844","317,301","321,542","324,504","325,711","328,609","332,998","335,473","336,017"
County Total,"415,057","417,892","423,072","427,147","429,308","432,740","438,175","442,149","443,281"
,,,,,,,,,
Napa County,,,,,,,,,
American Canyon     ,"19,454","19,655","19,955","20,117","20,353","20,518","20,649","20,733","20,990"
Calistoga           ,"5,155","5,127","5,161","5,167","5,205","5,186","5,301","5,318","5,334"
Napa                ,"76,915","77,135","77,959","78,400","79,191","79,722","80,218","80,198","80,403"
St Helena           ,"5,814","5,796","5,825","5,840","5,944","6,019","6,076","6,082","6,118"
Yountville          ,"2,933","2,993","2,978","2,966","3,002","2,971","2,985","2,930","2,874"
Balance Of County    ,"26,213","26,195","26,242","26,348","26,494","26,468","26,482","26,523","25,575"
Incorporated,"110,271","110,706","111,878","112,490","113,695","114,416","115,229","115,261","115,719"
County Total,"136,484","136,901","138,120","138,838","140,189","140,884","141,711","141,784","141,294"
,,,,,,,,,
Nevada County,,,,,,,,,
Grass Valley        ,"12,860","13,040","13,000","12,994","13,061","13,062","13,090","13,035","13,041"
Nevada City         ,"3,068","3,206","3,201","3,201","3,177","3,287","3,314","3,232","3,226"
Truckee             ,"16,180","15,985","15,961","15,928","15,933","16,046","16,148","16,271","16,681"
Balance Of County    ,"66,656","66,198","65,968","65,650","65,671","65,822","65,968","66,075","66,207"
Incorporated,"32,108","32,231","32,162","32,123","32,171","32,395","32,552","32,538","32,948"
County Total,"98,764","98,429","98,130","97,773","97,842","98,217","98,520","98,613","99,155"
,,,,,,,,,
Orange County,,,,,,,,,
Aliso Viejo,"47,816","48,362","49,208","49,812","50,142","50,281","50,335","50,384","51,950"
Anaheim             ,"336,265","342,652","346,247","349,827","351,345","353,211","354,167","356,502","357,084"
Brea                ,"39,182","40,104","41,233","41,826","42,846","43,802","44,175","44,776","44,890"
Buena Park          ,"80,520","80,942","81,799","82,485","82,646","82,869","82,950","83,926","83,995"
Costa Mesa          ,"109,960","110,445","111,939","112,899","113,161","114,423","114,825","115,012","115,296"
Cypress             ,"47,802","48,006","48,489","48,893","49,104","49,347","49,546","49,704","49,978"
Dana Point          ,"33,351","33,270","33,367","33,581","33,595","33,656","33,768","33,897","34,071"
Fountain Valley     ,"55,313","55,404","55,871","56,350","56,683","56,773","56,815","56,916","56,920"
Fullerton           ,"135,222","135,743","138,254","139,364","140,808","141,438","142,406","143,499","144,214"
Garden Grove        ,"170,794","171,949","173,685","174,680","175,302","176,318","176,955","176,784","176,896"
Huntington Beach    ,"189,992","190,455","193,139","194,769","196,546","198,243","200,501","201,981","202,648"
Irvine              ,"212,375","218,723","224,930","232,910","243,906","251,181","256,926","267,097","276,176"
Laguna Beach        ,"22,723","22,723","22,851","23,016","23,040","23,097","23,137","23,248","23,309"
Laguna Hills        ,"30,270","30,335","30,597","30,818","30,872","30,915","30,935","31,829","31,818"
Laguna Niguel       ,"62,979","62,935","63,136","63,545","63,638","63,804","63,850","65,288","65,377"
Laguna Woods,"16,273","16,268","16,362","16,468","16,483","16,504","16,513","16,575","16,597"
La Habra            ,"60,223","60,481","61,120","61,597","61,968","62,184","62,270","62,451","62,850"
Lake Forest         ,"77,395","77,527","78,098","78,693","78,911","79,432","81,903","83,414","84,845"
La Palma            ,"15,568","15,585","15,705","15,851","15,874","15,896","15,907","15,933","15,948"
Los Alamitos        ,"11,449","11,489","11,613","11,711","11,782","11,811","11,846","11,860","11,863"
Mission Viejo       ,"93,174","93,025","93,491","94,202","94,433","94,985","95,510","95,985","95,987"
Newport Beach       ,"85,186","84,970","85,216","85,709","85,738","85,815","85,782","86,207","87,182"
Orange              ,"136,386","137,391","138,964","140,118","140,301","140,670","140,792","140,981","141,952"
Placentia           ,"50,598","50,780","51,364","52,179","52,278","52,483","52,709","52,772","52,755"
Rancho Santa Margarita,"47,853","48,001","48,495","48,884","49,025","49,205","49,258","49,301","49,329"
San Clemente        ,"63,522","63,456","63,751","64,160","64,179","64,468","64,547","65,009","65,543"
San Juan Capistrano ,"34,593","34,765","35,156","35,536","36,010","36,240","36,412","36,624","36,759"
Santa Ana           ,"324,647","327,574","330,674","333,558","335,441","337,180","337,373","337,843","338,247"
Seal Beach          ,"24,168","24,529","25,124","25,406","25,528","25,909","25,938","25,959","25,984"
Stanton             ,"38,186","38,348","38,642","38,997","39,079","39,233","39,378","39,500","39,470"
Tustin              ,"75,540","75,876","76,931","78,542","78,695","79,975","81,484","82,291","82,344"
Villa Park          ,"5,812","5,812","5,851","5,893","5,905","5,913","5,920","5,944","5,951"
Westminster         ,"89,701","90,487","91,448","92,297","92,653","93,431","93,991","94,353","94,476"
Yorba Linda         ,"64,234","64,750","65,639","66,416","67,126","67,528","67,858","68,781","69,121"
Balance Of County    ,"121,160","121,602","120,181","121,160","121,875","124,094","125,540","126,342","129,278"
Incorporated,"2,889,072","2,913,162","2,948,389","2,980,992","3,005,043","3,028,220","3,046,682","3,072,626","3,091,825"
County Total,"3,010,232","3,034,764","3,068,570","3,102,152","3,126,918","3,152,314","3,172,222","3,198,968","3,221,103"
,,,,,,,,,
Placer County,,,,,,,,,
Auburn              ,"13,330","13,575","13,833","13,897","14,145","14,280","14,387","14,507","14,611"
Colfax              ,"1,963","2,008","2,060","2,069","2,083","2,112","2,131","2,147","2,150"
Lincoln             ,"42,819","43,590","44,314","44,795","45,748","46,537","47,245","48,028","48,591"
Loomis              ,"6,430","6,504","6,559","6,580","6,623","6,633","6,678","6,780","6,824"
Rocklin             ,"56,974","58,229","58,982","59,436","59,999","60,614","61,765","64,487","66,830"
Roseville           ,"118,788","121,757","123,785","125,970","128,048","129,299","132,167","134,650","137,213"
Balance Of County    ,"108,128","107,600","108,838","109,558","110,462","110,912","111,245","112,574","113,313"
Incorporated,"240,304","245,663","249,533","252,747","256,646","259,475","264,373","270,599","276,219"
County Total,"348,432","353,263","358,371","362,305","367,108","370,387","375,618","383,173","389,532"
,,,,,,,,,
Plumas County,,,,,,,,,
Portola             ,"2,104","2,143","2,123","2,128","2,135","2,185","2,179","2,171","2,161"
Balance Of County    ,"17,903","17,848","17,848","17,792","17,758","17,675","17,668","17,647","17,612"
Incorporated,"2,104","2,143","2,123","2,128","2,135","2,185","2,179","2,171","2,161"
County Total,"20,007","19,991","19,971","19,920","19,893","19,860","19,847","19,818","19,773"
,,,,,,,,,
Riverside County,,,,,,,,,
Banning             ,"29,603","29,809","30,192","30,380","30,549","30,746","30,967","31,170","31,282"
Beaumont            ,"36,877","38,385","39,708","40,701","41,920","43,906","45,617","46,730","48,237"
Blythe              ,"20,817","19,980","20,223","19,382","18,737","18,522","19,008","19,027","19,389"
Calimesa            ,"7,879","7,811","7,883","7,936","8,036","8,114","8,212","8,567","8,876"
Canyon Lake         ,"10,561","10,550","10,572","10,617","10,652","10,673","10,728","10,882","11,018"
Cathedral City      ,"51,200","51,565","52,387","52,743","53,031","53,390","53,842","54,296","54,791"
Coachella           ,"40,704","41,507","42,336","43,210","44,101","44,486","44,940","45,273","45,635"
Corona              ,"152,374","153,708","156,205","158,489","160,955","162,396","163,341","166,819","168,574"
Desert Hot Springs  ,"25,938","27,486","28,150","28,363","28,591","28,900","29,252","29,347","29,742"
Eastvale,,"53,981","55,407","56,928","58,790","59,930","62,147","63,720","64,855"
Hemet               ,"78,657","78,676","79,306","79,773","80,196","80,439","80,997","82,417","83,166"
Indian Wells        ,"4,958","5,045","5,167","5,223","5,295","5,407","5,512","5,549","5,574"
Indio               ,"76,036","76,849","78,221","81,441","82,419","84,009","85,233","86,632","87,883"
Jurupa Valley,,,"97,039","97,808","98,420","99,742","101,412","103,661","106,054"
Lake Elsinore       ,"51,821","52,558","53,691","56,124","57,488","59,404","61,422","62,487","63,365"
La Quinta           ,"37,467","38,003","38,214","38,430","38,991","39,323","39,899","40,605","41,204"
Menifee,"77,519","78,836","80,793","82,476","83,968","85,801","87,608","89,552","91,902"
Moreno Valley       ,"193,365","195,229","196,916","198,479","199,752","201,387","202,621","204,285","207,629"
Murrieta            ,"103,466","104,457","105,209","106,299","107,254","109,408","110,166","111,793","113,541"
Norco               ,"27,063","27,251","27,469","27,033","27,006","26,198","26,727","26,799","26,761"
Palm Desert         ,"48,445","49,249","49,657","50,014","50,414","50,683","51,250","52,058","52,769"
Palm Springs        ,"44,552","44,691","45,118","45,463","45,847","46,099","46,534","47,157","47,706"
Perris              ,"68,386","69,400","71,097","72,002","73,351","74,866","76,070","77,311","77,837"
Rancho Mirage       ,"17,218","17,690","17,848","17,967","18,076","18,201","18,369","18,579","18,738"
Riverside           ,"303,871","306,145","309,775","312,973","315,129","317,890","320,226","323,190","325,860"
San Jacinto         ,"44,199","44,536","45,219","45,627","46,014","46,462","47,085","47,560","48,146"
Temecula            ,"100,097","101,662","103,704","105,359","106,749","109,144","110,536","112,040","113,181"
Wildomar,"32,176","32,437","33,060","33,534","34,136","34,751","35,270","35,882","36,287"
Balance Of County    ,"504,392","455,179","359,600","361,015","365,395","367,618","371,726","379,252","385,953"
Incorporated,"1,685,249","1,757,496","1,880,566","1,904,774","1,925,867","1,950,277","1,974,991","2,003,388","2,030,002"
County Total,"2,189,641","2,212,675","2,240,166","2,265,789","2,291,262","2,317,895","2,346,717","2,382,640","2,415,955"
,,,,,,,,,
Sacramento County,,,,,,,,,
Citrus Heights,"83,301","83,063","83,941","84,546","85,108","86,129","86,955","87,460","87,731"
Elk Grove,"153,015","154,802","156,621","159,856","161,986","164,247","166,981","170,011","172,116"
Folsom              ,"72,203","72,302","72,940","72,587","74,568","75,672","76,821","77,706","78,447"
Galt                ,"23,647","23,774","24,073","24,177","24,342","24,615","24,942","25,393","26,018"
Isleton             ,804,805,803,806,807,808,811,821,837
Rancho Cordova,"64,776","65,030","66,393","67,469","68,761","70,711","72,184","73,441","74,210"
Sacramento          ,"466,488","472,512","474,663","477,418","480,463","484,397","487,758","494,266","501,344"
Balance Of County    ,"554,554","557,002","561,222","565,609","569,929","575,390","579,159","584,317","588,798"
Incorporated,"864,234","872,288","879,434","886,859","896,035","906,579","916,452","929,098","940,703"
County Total,"1,418,788","1,429,290","1,440,656","1,452,468","1,465,964","1,481,969","1,495,611","1,513,415","1,529,501"
,,,,,,,,,
San Benito County,,,,,,,,,
Hollister           ,"34,928","35,255","35,522","35,717","35,905","36,137","36,297","36,458","36,703"
San Juan Bautista   ,"1,862","1,871","1,856","1,860","1,863","1,877","1,879","1,891","1,873"
Balance Of County    ,"18,479","18,535","18,397","18,421","18,451","18,438","18,448","18,530","18,512"
Incorporated,"36,790","37,126","37,378","37,577","37,768","38,014","38,176","38,349","38,576"
County Total,"55,269","55,661","55,775","55,998","56,219","56,452","56,624","56,879","57,088"
,,,,,,,,,
San Bernardino County,,,,,,,,,
Adelanto            ,"31,765","31,538","31,342","31,685","33,067","33,982","34,474","35,295","35,293"
Apple Valley        ,"69,135","70,183","70,703","71,171","71,637","72,206","72,744","73,349","73,984"
Barstow             ,"22,639","22,806","23,244","23,464","23,685","23,977","24,148","24,310","24,411"
Big Bear Lake       ,"5,019","5,248","5,267","5,286","5,299","5,310","5,290","5,404","5,512"
Chino               ,"77,983","78,469","78,615","79,370","81,384","83,585","83,890","85,983","86,757"
Chino Hills         ,"74,799","75,196","75,413","75,796","75,990","77,136","77,649","79,498","83,159"
Colton              ,"52,154","52,269","52,409","52,680","52,849","52,972","53,144","53,482","53,724"
Fontana             ,"196,069","197,584","199,684","200,987","202,655","204,742","207,113","210,071","212,000"
Grand Terrace       ,"12,040","12,099","12,171","12,296","12,335","12,390","12,448","12,492","12,524"
Hesperia            ,"90,173","90,572","91,034","91,471","91,753","92,288","92,879","93,590","94,829"
Highland            ,"53,104","53,322","53,338","53,552","53,674","53,629","53,680","54,167","54,761"
Loma Linda          ,"23,261","23,143","23,311","23,428","23,624","23,782","23,878","23,889","23,946"
Montclair           ,"36,664","37,012","37,159","37,325","37,449","38,454","38,701","39,012","39,326"
Needles             ,"4,844","4,866","4,986","5,030","5,057","5,165","5,224","5,183","5,177"
Ontario             ,"163,924","166,493","166,597","167,582","168,548","170,159","171,736","175,157","177,589"
Rancho Cucamonga    ,"165,269","168,302","168,908","170,326","171,622","172,029","173,241","175,282","176,671"
Redlands            ,"68,747","68,726","69,083","69,443","69,635","70,028","70,314","70,851","71,196"
Rialto              ,"99,171","99,775","101,849","102,913","103,576","105,313","106,356","106,455","107,041"
San Bernardino      ,"209,924","212,534","214,585","215,911","216,591","218,165","219,695","220,083","221,130"
Twentynine Palms    ,"25,048","25,261","25,670","26,040","26,557","25,734","25,599","26,491","27,046"
Upland              ,"73,732","73,877","73,957","74,481","74,996","76,044","76,670","76,937","77,017"
Victorville         ,"115,903","117,733","119,118","120,717","121,365","122,559","123,233","123,944","123,701"
Yucaipa             ,"51,367","51,886","52,384","52,882","53,096","53,339","53,884","54,317","54,651"
Yucca Valley        ,"20,700","20,804","20,990","21,136","21,216","21,556","21,688","21,752","21,834"
Balance Of County    ,"291,776","294,753","298,821","300,972","303,029","306,128","306,228","308,596","311,659"
Incorporated,"1,743,434","1,759,698","1,771,817","1,784,972","1,797,660","1,814,544","1,827,678","1,846,994","1,863,279"
County Total,"2,035,210","2,054,451","2,070,638","2,085,944","2,100,689","2,120,672","2,133,906","2,155,590","2,174,938"
,,,,,,,,,
San Diego County,,,,,,,,,
Carlsbad            ,"105,328","107,205","107,929","109,497","110,972","111,547","112,003","113,179","114,622"
Chula Vista         ,"243,916","245,309","250,349","255,607","259,811","261,801","263,611","265,357","267,503"
Coronado            ,"24,697","23,463","23,323","23,493","23,684","23,838","25,193","24,512","21,683"
Del Mar             ,"4,161","4,187","4,175","4,217","4,233","4,244","4,247","4,284","4,322"
El Cajon            ,"99,478","99,697","100,985","102,078","102,747","103,981","104,577","105,276","105,557"
Encinitas           ,"59,518","60,246","60,440","61,126","61,590","61,843","62,038","62,625","63,158"
Escondido           ,"143,911","144,565","146,234","147,726","148,629","149,932","150,621","150,978","151,478"
Imperial Beach      ,"26,324","26,558","26,950","27,162","27,319","27,721","27,901","28,041","28,163"
La Mesa             ,"57,065","58,412","58,846","59,427","59,805","60,181","60,735","60,980","61,261"
Lemon Grove         ,"25,320","25,510","25,600","25,799","26,083","26,402","26,477","26,710","26,834"
National City       ,"58,582","58,645","58,975","59,417","59,812","60,533","60,932","61,350","62,257"
Oceanside           ,"167,086","168,283","170,401","172,379","173,890","175,691","176,610","176,666","177,362"
Poway               ,"47,811","48,298","48,546","49,216","49,480","49,699","49,799","49,986","50,207"
San Diego           ,"1,301,617","1,310,455","1,325,254","1,344,332","1,361,017","1,376,790","1,387,362","1,399,924","1,419,845"
San Marcos          ,"83,781","84,854","85,600","87,914","90,748","92,405","93,332","94,258","95,768"
Santee              ,"53,413","54,050","54,478","55,403","55,987","56,104","56,014","56,434","56,994"
Solana Beach        ,"12,867","12,923","13,169","13,333","13,447","13,675","13,798","13,860","13,938"
Vista               ,"93,834","95,251","96,187","97,442","98,065","98,890","100,093","102,933","103,381"
Balance Of County    ,"486,604","492,052","496,080","498,120","502,950","509,172","509,134","512,156","513,123"
Incorporated,"2,608,709","2,627,911","2,657,441","2,695,568","2,727,319","2,755,277","2,775,343","2,797,353","2,824,333"
County Total,"3,095,313","3,119,963","3,153,521","3,193,688","3,230,269","3,264,449","3,284,477","3,309,509","3,337,456"
,,,,,,,,,
San Francisco County,,,,,,,,,
San Francisco,"805,235","815,365","825,465","839,674","848,448","858,224","865,709","874,008","883,963"
,,,,,,,,,
San Joaquin County,,,,,,,,,
Escalon             ,"7,132","7,187","7,185","7,203","7,245","7,332","7,353","7,479","7,558"
Lathrop             ,"18,023","18,554","19,074","19,526","20,065","21,022","22,500","23,384","24,268"
Lodi                ,"62,134","63,317","63,447","63,788","63,975","64,415","64,920","65,911","67,121"
Manteca             ,"67,096","68,449","70,232","72,001","73,266","75,211","77,360","79,349","81,345"
Ripon               ,"14,297","14,494","14,558","14,655","14,750","14,868","14,993","15,565","15,847"
Stockton            ,"291,707","291,712","295,346","297,637","300,275","305,303","308,746","311,724","315,103"
Tracy               ,"82,922","84,002","85,179","85,888","86,495","88,074","89,591","91,051","92,553"
Balance Of County    ,"141,995","143,974","143,534","144,041","146,063","147,631","149,856","152,800","154,949"
Incorporated,"543,311","547,715","555,021","560,698","566,071","576,225","585,463","594,463","603,795"
County Total,"685,306","691,689","698,555","704,739","712,134","723,856","735,319","747,263","758,744"
,,,,,,,,,
San Luis Obispo County,,,,,,,,,
Arroyo Grande       ,"17,252","17,245","17,307","17,501","17,600","17,808","17,884","17,874","17,912"
Atascadero          ,"28,310","28,654","28,836","29,234","29,524","30,350","30,909","31,135","31,147"
El Paso De Robles   ,"29,793","30,129","30,505","30,930","31,160","31,314","31,349","31,562","31,559"
Grover Beach        ,"13,156","13,205","13,227","13,345","13,407","13,489","13,565","13,593","13,560"
Morro Bay           ,"10,234","10,325","10,297","10,380","10,420","10,442","10,499","10,516","10,503"
Pismo Beach         ,"7,655","7,667","7,746","7,840","7,912","8,015","8,150","8,209","8,233"
San Luis Obispo     ,"45,119","45,456","45,356","45,710","45,942","45,965","45,981","46,424","46,548"
Balance Of County    ,"118,118","117,343","118,230","118,364","119,660","119,286","119,804","119,897","120,639"
Incorporated,"151,519","152,681","153,274","154,940","155,965","157,383","158,337","159,313","159,462"
County Total,"269,637","270,024","271,504","273,304","275,625","276,669","278,141","279,210","280,101"
,,,,,,,,,
San Mateo County,,,,,,,,,
Atherton            ,"6,914","6,925","6,954","7,003","7,007","7,041","7,074","7,100","7,135"
Belmont             ,"25,835","26,098","26,413","26,777","26,940","27,184","27,371","27,343","27,388"
Brisbane            ,"4,282","4,339","4,368","4,422","4,454","4,547","4,630","4,656","4,692"
Burlingame          ,"28,806","28,937","29,187","29,673","29,817","29,992","30,182","30,207","30,294"
Colma               ,"1,454","1,464","1,464","1,485","1,494","1,511","1,521","1,516","1,501"
Daly City           ,"101,072","102,366","103,617","105,029","106,615","107,260","107,810","107,733","107,864"
East Palo Alto      ,"28,155","28,604","29,224","29,692","29,928","30,450","30,604","30,718","30,917"
Foster City         ,"30,567","31,068","31,370","31,787","32,736","32,954","33,087","33,287","33,490"
Half Moon Bay       ,"11,324","11,429","11,552","11,685","11,742","11,907","12,284","12,456","12,639"
Hillsborough        ,"10,825","10,806","10,946","11,088","11,159","11,186","11,216","11,389","11,543"
Menlo Park          ,"32,026","32,051","32,285","32,605","32,667","32,902","32,976","34,789","35,268"
Millbrae            ,"21,532","21,653","22,141","22,390","22,461","22,578","22,668","22,796","22,854"
Pacifica            ,"37,234","37,309","37,507","37,980","38,143","38,232","38,318","38,342","38,418"
Portola Valley      ,"4,353","4,377","4,477","4,554","4,583","4,680","4,744","4,747","4,767"
Redwood City        ,"76,815","78,351","79,843","81,248","82,775","84,204","86,079","86,271","86,380"
San Bruno           ,"41,114","42,018","43,259","43,984","44,311","45,861","46,036","45,965","46,085"
San Carlos          ,"28,406","28,820","28,937","29,283","29,425","29,489","29,534","29,681","29,897"
San Mateo           ,"97,207","97,571","98,419","99,743","100,403","101,608","103,006","103,465","104,490"
South San Francisco ,"63,632","64,083","64,523","65,691","65,992","66,297","66,597","66,752","67,082"
Woodside            ,"5,287","5,327","5,394","5,477","5,509","5,535","5,570","5,593","5,623"
Balance Of County    ,"61,611","62,730","63,326","64,203","64,539","64,925","65,282","65,450","65,828"
Incorporated,"656,840","663,596","671,880","681,596","688,161","695,418","701,307","704,806","708,327"
County Total,"718,451","726,326","735,206","745,799","752,700","760,343","766,589","770,256","774,155"
,,,,,,,,,
Santa Barbara County,,,,,,,,,
Buellton            ,"4,828","4,854","4,852","4,882","4,917","4,912","4,921","5,098","5,291"
Carpinteria         ,"13,044","12,990","13,029","13,134","13,510","13,580","13,705","13,697","13,704"
Goleta,"29,888","29,916","29,921","30,114","30,388","30,734","31,225","31,622","31,949"
Guadalupe           ,"7,080","7,059","7,089","7,142","7,205","7,254","7,302","7,341","7,604"
Lompoc              ,"42,434","42,153","43,085","43,253","43,969","44,169","44,027","43,881","43,599"
Santa Barbara       ,"88,410","89,146","90,103","91,458","92,552","93,777","94,290","94,244","94,807"
Santa Maria         ,"99,553","100,275","101,501","102,412","103,603","104,968","106,744","107,978","108,470"
Solvang             ,"5,245","5,296","5,307","5,331","5,393","5,420","5,460","5,653","5,771"
Balance Of County    ,"133,413","132,711","133,307","135,347","136,975","138,173","139,399","140,511","142,262"
Incorporated,"290,482","291,689","294,887","297,726","301,537","304,814","307,674","309,514","311,195"
County Total,"423,895","424,400","428,194","433,073","438,512","442,987","447,073","450,025","453,457"
,,,,,,,,,
Santa Clara County,,,,,,,,,
Campbell            ,"39,349","39,732","39,772","40,277","41,710","41,742","42,097","42,372","42,696"
Cupertino           ,"58,302","58,576","58,941","59,472","59,539","59,579","59,667","60,079","60,091"
Gilroy              ,"48,821","49,122","50,248","51,755","52,582","53,654","54,422","55,336","55,615"
Los Altos           ,"28,976","29,356","29,711","30,082","30,202","30,414","31,156","31,298","31,361"
Los Altos Hills     ,"7,922","7,999","7,998","8,229","8,285","8,306","8,332","8,417","8,568"
Los Gatos           ,"29,413","29,531","29,659","30,053","30,242","30,229","30,271","30,448","30,601"
Milpitas            ,"66,790","66,648","67,047","68,058","70,123","72,973","74,085","74,327","74,865"
Monte Sereno        ,"3,341","3,373","3,387","3,422","3,429","3,445","3,466","3,528","3,630"
Morgan Hill         ,"37,882","37,806","38,901","39,942","41,022","41,992","43,217","43,680","44,513"
Mountain View       ,"74,066","75,199","75,972","77,069","77,447","78,970","80,122","80,897","81,527"
Palo Alto           ,"64,403","65,123","66,203","67,192","67,633","68,312","69,184","69,446","69,721"
San Jose            ,"945,942","964,541","981,021","995,609","1,010,358","1,025,979","1,035,312","1,042,782","1,051,316"
Santa Clara         ,"116,468","118,573","119,950","121,685","122,504","123,155","125,265","125,528","129,604"
Saratoga            ,"29,926","30,357","30,571","30,948","31,062","31,097","31,219","31,271","31,435"
Sunnyvale           ,"140,081","141,334","143,179","146,368","147,085","148,350","149,697","150,599","153,389"
Balance Of County    ,"89,960","86,059","86,283","87,050","86,974","86,959","87,070","87,465","87,666"
Incorporated,"1,691,682","1,717,270","1,742,560","1,770,161","1,793,223","1,818,197","1,837,512","1,850,008","1,868,932"
County Total,"1,781,642","1,803,329","1,828,843","1,857,211","1,880,197","1,905,156","1,924,582","1,937,473","1,956,598"
,,,,,,,,,
Santa Cruz County,,,,,,,,,
Capitola            ,"9,918","9,864","10,066","10,152","10,215","10,421","10,533","10,570","10,563"
Santa Cruz          ,"59,946","61,692","62,621","63,334","63,822","65,031","65,826","66,170","66,454"
Scotts Valley       ,"11,580","11,598","11,697","11,796","11,944","12,137","12,195","12,196","12,195"
Watsonville         ,"51,199","51,283","51,933","52,233","52,571","53,129","53,449","53,447","53,434"
Balance Of County    ,"129,739","130,365","130,917","131,677","132,582","133,248","133,734","134,121","134,218"
Incorporated,"132,643","134,437","136,317","137,515","138,552","140,718","142,003","142,383","142,646"
County Total,"262,382","264,802","267,234","269,192","271,134","273,966","275,737","276,504","276,864"
,,,,,,,,,
Shasta County,,,,,,,,,
Anderson            ,"9,932","9,954","10,138","10,209","10,276","10,297","10,218","10,240","10,263"
Redding             ,"89,861","89,900","90,083","90,621","90,987","91,373","91,077","91,221","91,357"
Shasta Lake         ,"10,164","10,109","10,042","10,079","10,095","10,150","10,095","10,134","10,143"
Balance Of County    ,"67,266","67,640","67,328","67,521","67,473","67,184","66,484","66,553","66,508"
Incorporated,"109,957","109,963","110,263","110,909","111,358","111,820","111,390","111,595","111,763"
County Total,"177,223","177,603","177,591","178,430","178,831","179,004","177,874","178,148","178,271"
,,,,,,,,,
Sierra County,,,,,,,,,
Loyalton            ,769,787,776,770,766,759,756,760,757
Balance Of County    ,"2,471","2,454","2,457","2,445","2,438","2,436","2,439","2,443","2,450"
Incorporated,769,787,776,770,766,759,756,760,757
County Total,"3,240","3,241","3,233","3,215","3,204","3,195","3,195","3,203","3,207"
,,,,,,,,,
Siskiyou County,,,,,,,,,
Dorris              ,939,928,946,949,955,986,"1,001",985,966
Dunsmuir            ,"1,650","1,690","1,681","1,677","1,679","1,698","1,700","1,688","1,680"
Etna                ,737,737,739,738,740,753,755,750,744
Fort Jones          ,710,712,723,728,732,751,758,710,739
Montague            ,"1,443","1,460","1,434","1,429","1,426","1,420","1,417","1,423","1,428"
Mount Shasta        ,"3,394","3,361","3,348","3,350","3,364","3,433","3,459","3,423","3,385"
Tulelake            ,"1,010","1,020",990,982,979,966,956,966,977
Weed                ,"2,967","2,952","2,924","2,916","2,883","2,649","2,714","2,763","2,769"
Yreka               ,"7,765","7,812","7,767","7,752","7,754","7,807","7,824","7,803","7,840"
Balance Of County    ,"24,285","24,292","24,289","24,304","24,297","24,268","24,134","24,104","24,084"
Incorporated,"20,615","20,672","20,552","20,521","20,512","20,463","20,584","20,511","20,528"
County Total,"44,900","44,964","44,841","44,825","44,809","44,731","44,718","44,615","44,612"
,,,,,,,,,
Solano County,,,,,,,,,
Benicia             ,"26,997","26,533","26,695","26,835","27,004","27,216","27,245","27,452","27,499"
Dixon               ,"18,351","18,286","18,438","18,550","19,039","19,239","19,379","19,674","19,896"
Fairfield           ,"105,321","106,178","107,816","109,408","110,909","112,182","113,173","115,346","116,156"
Rio Vista           ,"7,360","7,412","7,499","7,654","7,955","8,209","8,509","8,893","9,188"
Suisun City         ,"28,111","27,977","28,013","28,195","28,418","28,869","28,963","29,152","29,192"
Vacaville           ,"92,428","92,622","92,742","92,974","93,496","94,284","95,800","97,736","98,977"
Vallejo             ,"115,942","115,607","115,958","116,608","117,352","117,844","118,503","118,851","119,252"
Balance Of County    ,"18,834","18,912","18,972","19,048","19,198","19,305","19,335","19,536","19,633"
Incorporated,"394,510","394,615","397,161","400,224","404,173","407,843","411,572","417,104","420,160"
County Total,"413,344","413,527","416,133","419,272","423,371","427,148","430,907","436,640","439,793"
,,,,,,,,,
Sonoma County,,,,,,,,,
Cloverdale          ,"8,618","8,609","8,663","8,724","8,774","8,893","8,927","8,988","9,134"
Cotati              ,"7,265","7,292","7,285","7,306","7,320","7,371","7,376","7,453","7,716"
Healdsburg          ,"11,254","11,290","11,330","11,414","11,540","11,707","11,734","11,757","12,061"
Petaluma            ,"57,941","58,011","58,527","59,327","60,076","60,953","61,488","61,657","62,708"
Rohnert Park        ,"40,794","40,794","41,124","41,433","41,689","42,325","42,586","42,490","43,598"
Santa Rosa          ,"167,815","168,766","170,339","171,971","173,611","175,693","176,937","178,064","178,488"
Sebastopol          ,"7,379","7,403","7,421","7,469","7,521","7,593","7,609","7,624","7,786"
Sonoma              ,"10,648","10,643","10,632","10,672","10,785","10,906","10,929","11,072","11,390"
Windsor             ,"26,801","26,460","26,712","26,882","27,077","27,364","27,445","27,492","28,060"
Balance Of County    ,"145,363","146,270","145,921","146,782","147,471","147,278","147,444","148,016","142,391"
Incorporated,"338,515","339,268","342,033","345,198","348,393","352,805","355,031","356,597","360,941"
County Total,"483,878","485,538","487,954","491,980","495,864","500,083","502,475","504,613","503,332"
,,,,,,,,,
Stanislaus County,,,,,,,,,
Ceres               ,"45,417","45,601","45,671","46,054","46,317","46,515","46,923","47,755","48,326"
Hughson             ,"6,640","6,733","6,799","6,934","7,057","7,102","7,190","7,463","7,738"
Modesto             ,"201,165","199,878","202,259","205,282","207,104","209,296","211,675","214,181","215,692"
Newman              ,"10,224","10,634","10,726","10,798","10,864","10,932","11,130","11,471","11,801"
Oakdale             ,"20,675","21,000","21,093","21,354","21,628","21,851","22,259","22,816","23,324"
Patterson           ,"20,413","20,672","20,662","20,939","21,172","21,604","22,123","22,395","22,679"
Riverbank           ,"22,678","23,283","23,347","23,542","23,707","23,830","24,154","24,934","25,244"
Turlock             ,"68,549","69,362","70,254","70,820","71,418","72,454","73,409","74,392","74,730"
Waterford           ,"8,456","8,605","8,676","8,741","8,801","8,872","8,957","9,074","9,149"
Balance Of County    ,"110,236","111,860","112,188","111,280","111,782","112,449","113,186","115,495","116,941"
Incorporated,"404,217","405,768","409,487","414,464","418,068","422,456","427,820","434,481","438,683"
County Total,"514,453","517,628","521,675","525,744","529,850","534,905","541,006","549,976","555,624"
,,,,,,,,,
Sutter County,,,,,,,,,
Live Oak            ,"8,392","8,533","8,250","8,303","8,454","8,422","8,416","8,685","8,781"
Yuba City           ,"64,925","64,889","65,216","65,674","65,848","66,923","67,129","67,160","67,280"
Balance Of County    ,"21,420","21,689","21,647","21,744","21,734","21,045","21,069","21,074","21,177"
Incorporated,"73,317","73,422","73,466","73,977","74,302","75,345","75,545","75,845","76,061"
County Total,"94,737","95,111","95,113","95,721","96,036","96,390","96,614","96,919","97,238"
,,,,,,,,,
Tehama County,,,,,,,,,
Corning             ,"7,663","7,538","7,559","7,547","7,545","7,566","7,579","7,541","7,515"
Red Bluff           ,"14,076","13,909","13,956","13,978","13,943","13,907","13,856","13,856","13,858"
Tehama              ,418,408,410,412,415,428,434,432,430
Balance Of County    ,"41,306","41,674","41,665","41,704","41,840","41,938","42,077","42,120","42,236"
Incorporated,"22,157","21,855","21,925","21,937","21,903","21,901","21,869","21,829","21,803"
County Total,"63,463","63,529","63,590","63,641","63,743","63,839","63,946","63,949","64,039"
,,,,,,,,,
Trinity County,,,,,,,,,
County Total,"13,786","13,751","13,740","13,731","13,722","13,676","13,647","13,634","13,635"
,,,,,,,,,
Tulare County,,,,,,,,,
Dinuba              ,"21,453","21,622","22,516","23,012","23,649","24,173","24,602","24,687","24,873"
Exeter              ,"10,334","10,444","10,608","10,695","10,777","10,940","11,051","11,094","11,169"
Farmersville        ,"10,588","10,868","11,015","11,094","11,167","11,251","11,358","11,399","11,443"
Lindsay             ,"11,768","12,081","12,515","12,627","12,761","12,826","12,990","13,043","13,162"
Porterville         ,"54,165","54,826","55,582","56,029","56,350","56,935","60,055","60,114","60,798"
Tulare              ,"59,278","60,161","60,983","61,517","62,196","62,742","63,456","64,591","65,982"
Visalia             ,"124,442","125,543","126,773","128,246","129,399","130,318","132,084","133,841","136,246"
Woodlake            ,"7,279","7,313","7,327","7,598","7,633","7,636","7,659","7,711","7,786"
Balance Of County    ,"142,872","142,691","143,280","144,229","144,932","145,212","143,176","144,236","144,375"
Incorporated,"299,307","302,858","307,319","310,818","313,932","316,821","323,255","326,480","331,459"
County Total,"442,179","445,549","450,599","455,047","458,864","462,033","466,431","470,716","475,834"
,,,,,,,,,
Tuolumne County,,,,,,,,,
Sonora              ,"4,903","4,923","4,884","4,886","4,906","4,874","4,889","4,876","4,890"
Balance Of County    ,"50,462","50,336","50,107","50,052","50,176","49,790","50,063","49,849","49,850"
Incorporated,"4,903","4,923","4,884","4,886","4,906","4,874","4,889","4,876","4,890"
County Total,"55,365","55,259","54,991","54,938","55,082","54,664","54,952","54,725","54,740"
,,,,,,,,,
Ventura County,,,,,,,,,
Camarillo           ,"65,201","66,386","66,609","66,968","67,194","67,496","68,134","68,370","68,741"
Fillmore            ,"15,002","15,148","15,235","15,352","15,503","15,614","15,686","15,800","15,953"
Moorpark            ,"34,421","34,841","35,025","35,285","35,504","36,009","36,475","36,684","37,044"
Ojai                ,"7,461","7,526","7,565","7,579","7,615","7,619","7,622","7,641","7,679"
Oxnard              ,"197,899","196,916","197,793","199,235","201,672","203,825","204,877","205,489","206,499"
Port Hueneme        ,"21,723","21,635","21,916","22,408","22,796","23,276","23,704","23,711","23,929"
San Buenaventura    ,"106,433","107,345","108,256","109,954","110,473","110,752","110,870","111,085","111,269"
Santa Paula         ,"29,321","29,598","30,209","30,484","30,990","31,245","31,266","31,061","31,138"
Simi Valley         ,"124,237","125,941","126,642","127,577","128,188","128,383","128,194","128,274","128,760"
Thousand Oaks       ,"126,683","127,955","128,412","129,120","129,775","129,715","129,484","129,502","130,196"
Balance Of County    ,"94,937","96,272","96,825","97,085","97,522","97,492","97,649","98,293","97,865"
Incorporated,"728,381","733,291","737,662","743,962","749,710","753,934","756,312","757,617","761,208"
County Total,"823,318","829,563","834,487","841,047","847,232","851,426","853,961","855,910","859,073"
,,,,,,,,,
Yolo County,,,,,,,,,
Davis               ,"65,622","65,697","65,313","66,119","66,189","66,556","67,109","68,040","68,704"
West Sacramento     ,"48,744","49,750","50,043","50,762","51,062","51,763","53,333","53,610","54,163"
Winters             ,"6,624","6,709","6,862","6,913","6,898","6,902","6,927","7,130","7,292"
Woodland            ,"55,468","55,629","56,045","56,812","57,671","58,318","59,022","59,863","60,426"
Balance Of County    ,"24,391","24,951","26,224","26,607","27,000","27,539","29,022","30,030","30,685"
Incorporated,"176,458","177,785","178,263","180,606","181,820","183,539","186,391","188,643","190,585"
County Total,"200,849","202,736","204,487","207,213","208,820","211,078","215,413","218,673","221,270"
,,,,,,,,,
Yuba County,,,,,,,,,
Marysville          ,"12,072","11,963","11,978","12,038","11,971","11,875","11,814","11,829","11,883"
Wheatland           ,"3,456","3,439","3,451","3,461","3,413","3,478","3,492","3,467","3,497"
Balance Of County    ,"56,627","57,130","57,453","57,844","58,262","58,691","59,022","59,349","59,347"
Incorporated,"15,528","15,402","15,429","15,499","15,384","15,353","15,306","15,296","15,380"
County Total,"72,155","72,532","72,882","73,343","73,646","74,044","74,328","74,645","74,727"
,,,,,,,,,
,,,,,,,,,
* The City of Eastvale incorporated after the 2010 Census.  The City of Jurupa Valley incorporated in 2011.,,,,,,,,,
,,,,,,,,,
,,,,,,,,,
,,,,,,,,,
,,,,,,,,,
,,,,,,,,,
,,,,,,,,,
,,,,,,,,,